Command line invocation:
    /Applications/Xcode.app/Contents/Developer/usr/bin/xcodebuild -workspace /Users/jeffrey/Desktop/TranslateHelper/TranslateHelper.xcworkspace -scheme TranslateHelperKeyboard -destination platform=iOS,id=00008101-000E3D391E90801E build

Resolve Package Graph


Resolved source packages:
  Firebase: https://github.com/firebase/firebase-ios-sdk @ 12.10.0
  GoogleAdsOnDeviceConversion: https://github.com/googleads/google-ads-on-device-conversion-ios-sdk @ 3.3.0
  AppAuth: https://github.com/openid/AppAuth-iOS.git @ 2.0.0
  abseil: https://github.com/google/abseil-cpp-binary.git @ 1.2024072200.0
  nanopb: https://github.com/firebase/nanopb.git @ 2.30910.0
  GoogleSignIn: https://github.com/google/GoogleSignIn-iOS @ 9.1.0
  GTMSessionFetcher: https://github.com/google/gtm-session-fetcher.git @ 3.5.0
  Promises: https://github.com/google/promises.git @ 2.4.0
  GTMAppAuth: https://github.com/google/GTMAppAuth.git @ 5.0.0
  GoogleAppMeasurement: https://github.com/google/GoogleAppMeasurement.git @ 12.10.0
  GoogleUtilities: https://github.com/google/GoogleUtilities.git @ 8.1.0
  leveldb: https://github.com/firebase/leveldb.git @ 1.22.5
  gRPC: https://github.com/google/grpc-binary.git @ 1.69.1
  InteropForGoogle: https://github.com/google/interop-ios-for-google-sdks.git @ 101.0.0
  GoogleDataTransport: https://github.com/google/GoogleDataTransport.git @ 10.1.0
  AppCheck: https://github.com/google/app-check.git @ 11.2.0

ComputePackagePrebuildTargetDependencyGraph

Prepare packages

CreateBuildRequest

SendProjectDescription

CreateBuildOperation

ComputeTargetDependencyGraph
note: Building targets in dependency order
note: Target dependency graph (79 targets)
    Target 'TranslateHelper' in project 'TranslateHelper'
        ➜ Explicit dependency on target 'TranslateHelperKeyboard' in project 'TranslateHelper'
        ➜ Explicit dependency on target 'FirebaseAuth' in project 'Firebase'
        ➜ Explicit dependency on target 'FirebaseFirestore' in project 'Firebase'
        ➜ Explicit dependency on target 'GoogleSignIn' in project 'GoogleSignIn'
    Target 'GoogleSignIn' in project 'GoogleSignIn'
        ➜ Explicit dependency on target 'GoogleSignIn' in project 'GoogleSignIn'
        ➜ Explicit dependency on target 'GoogleSignIn_GoogleSignIn' in project 'GoogleSignIn'
        ➜ Explicit dependency on target 'AppAuth' in project 'AppAuth'
        ➜ Explicit dependency on target 'AppAuthCore' in project 'AppAuth'
        ➜ Explicit dependency on target 'AppCheckCore' in project 'AppCheck'
        ➜ Explicit dependency on target 'GTMAppAuth' in project 'GTMAppAuth'
        ➜ Explicit dependency on target 'GTMSessionFetcherCore' in project 'GTMSessionFetcher'
    Target 'GoogleSignIn' in project 'GoogleSignIn'
        ➜ Explicit dependency on target 'GoogleSignIn_GoogleSignIn' in project 'GoogleSignIn'
        ➜ Explicit dependency on target 'AppAuth' in project 'AppAuth'
        ➜ Explicit dependency on target 'AppAuthCore' in project 'AppAuth'
        ➜ Explicit dependency on target 'AppCheckCore' in project 'AppCheck'
        ➜ Explicit dependency on target 'GTMAppAuth' in project 'GTMAppAuth'
        ➜ Explicit dependency on target 'GTMSessionFetcherCore' in project 'GTMSessionFetcher'
    Target 'GTMAppAuth' in project 'GTMAppAuth'
        ➜ Explicit dependency on target 'GTMAppAuth' in project 'GTMAppAuth'
        ➜ Explicit dependency on target 'GTMAppAuth_GTMAppAuth' in project 'GTMAppAuth'
        ➜ Explicit dependency on target 'GTMSessionFetcherCore' in project 'GTMSessionFetcher'
        ➜ Explicit dependency on target 'AppAuthCore' in project 'AppAuth'
    Target 'GTMAppAuth' in project 'GTMAppAuth'
        ➜ Explicit dependency on target 'GTMAppAuth_GTMAppAuth' in project 'GTMAppAuth'
        ➜ Explicit dependency on target 'GTMSessionFetcherCore' in project 'GTMSessionFetcher'
        ➜ Explicit dependency on target 'AppAuthCore' in project 'AppAuth'
    Target 'GTMAppAuth_GTMAppAuth' in project 'GTMAppAuth' (no dependencies)
    Target 'AppCheckCore' in project 'AppCheck'
        ➜ Explicit dependency on target 'AppCheckCore' in project 'AppCheck'
        ➜ Explicit dependency on target 'FBLPromises' in project 'Promises'
        ➜ Explicit dependency on target 'GULEnvironment' in project 'GoogleUtilities'
        ➜ Explicit dependency on target 'GULUserDefaults' in project 'GoogleUtilities'
    Target 'AppCheckCore' in project 'AppCheck'
        ➜ Explicit dependency on target 'FBLPromises' in project 'Promises'
        ➜ Explicit dependency on target 'GULEnvironment' in project 'GoogleUtilities'
        ➜ Explicit dependency on target 'GULUserDefaults' in project 'GoogleUtilities'
    Target 'GULUserDefaults' in project 'GoogleUtilities'
        ➜ Explicit dependency on target 'GoogleUtilities-UserDefaults' in project 'GoogleUtilities'
        ➜ Explicit dependency on target 'GoogleUtilities_GoogleUtilities-UserDefaults' in project 'GoogleUtilities'
        ➜ Explicit dependency on target 'third-party-IsAppEncrypted' in project 'GoogleUtilities'
        ➜ Explicit dependency on target 'GoogleUtilities-Environment' in project 'GoogleUtilities'
        ➜ Explicit dependency on target 'GoogleUtilities-Logger' in project 'GoogleUtilities'
    Target 'GoogleUtilities-UserDefaults' in project 'GoogleUtilities'
        ➜ Explicit dependency on target 'GoogleUtilities_GoogleUtilities-UserDefaults' in project 'GoogleUtilities'
        ➜ Explicit dependency on target 'third-party-IsAppEncrypted' in project 'GoogleUtilities'
        ➜ Explicit dependency on target 'GoogleUtilities-Environment' in project 'GoogleUtilities'
        ➜ Explicit dependency on target 'GoogleUtilities-Logger' in project 'GoogleUtilities'
    Target 'GoogleUtilities_GoogleUtilities-UserDefaults' in project 'GoogleUtilities' (no dependencies)
    Target 'FBLPromises' in project 'Promises'
        ➜ Explicit dependency on target 'FBLPromises' in project 'Promises'
        ➜ Explicit dependency on target 'Promises_FBLPromises' in project 'Promises'
    Target 'FBLPromises' in project 'Promises'
        ➜ Explicit dependency on target 'Promises_FBLPromises' in project 'Promises'
    Target 'Promises_FBLPromises' in project 'Promises' (no dependencies)
    Target 'AppAuthCore' in project 'AppAuth'
        ➜ Explicit dependency on target 'AppAuthCore' in project 'AppAuth'
        ➜ Explicit dependency on target 'AppAuth_AppAuthCore' in project 'AppAuth'
    Target 'AppAuth' in project 'AppAuth'
        ➜ Explicit dependency on target 'AppAuth' in project 'AppAuth'
        ➜ Explicit dependency on target 'AppAuth_AppAuth' in project 'AppAuth'
        ➜ Explicit dependency on target 'AppAuthCore' in project 'AppAuth'
    Target 'AppAuth' in project 'AppAuth'
        ➜ Explicit dependency on target 'AppAuth_AppAuth' in project 'AppAuth'
        ➜ Explicit dependency on target 'AppAuthCore' in project 'AppAuth'
    Target 'AppAuthCore' in project 'AppAuth'
        ➜ Explicit dependency on target 'AppAuth_AppAuthCore' in project 'AppAuth'
    Target 'AppAuth_AppAuthCore' in project 'AppAuth' (no dependencies)
    Target 'AppAuth_AppAuth' in project 'AppAuth' (no dependencies)
    Target 'GoogleSignIn_GoogleSignIn' in project 'GoogleSignIn' (no dependencies)
    Target 'FirebaseFirestore' in project 'Firebase'
        ➜ Explicit dependency on target 'FirebaseFirestoreTarget' in project 'Firebase'
        ➜ Explicit dependency on target 'FirebaseFirestoreInternalWrapper' in project 'Firebase'
        ➜ Explicit dependency on target 'FirebaseAppCheckInterop' in project 'Firebase'
        ➜ Explicit dependency on target 'Firebase' in project 'Firebase'
        ➜ Explicit dependency on target 'FirebaseCoreInternal' in project 'Firebase'
        ➜ Explicit dependency on target 'FirebaseCore' in project 'Firebase'
        ➜ Explicit dependency on target 'FirebaseCoreExtension' in project 'Firebase'
        ➜ Explicit dependency on target 'FirebaseSharedSwift' in project 'Firebase'
        ➜ Explicit dependency on target 'FirebaseFirestore' in project 'Firebase'
        ➜ Explicit dependency on target 'GULNSData' in project 'GoogleUtilities'
        ➜ Explicit dependency on target 'GULEnvironment' in project 'GoogleUtilities'
        ➜ Explicit dependency on target 'GULLogger' in project 'GoogleUtilities'
        ➜ Explicit dependency on target 'abseil' in project 'abseil'
        ➜ Explicit dependency on target 'gRPC-C++' in project 'gRPC'
        ➜ Explicit dependency on target 'nanopb' in project 'nanopb'
        ➜ Explicit dependency on target 'leveldb' in project 'leveldb'
    Target 'FirebaseFirestoreTarget' in project 'Firebase'
        ➜ Explicit dependency on target 'FirebaseFirestoreInternalWrapper' in project 'Firebase'
        ➜ Explicit dependency on target 'FirebaseAppCheckInterop' in project 'Firebase'
        ➜ Explicit dependency on target 'Firebase' in project 'Firebase'
        ➜ Explicit dependency on target 'FirebaseCoreInternal' in project 'Firebase'
        ➜ Explicit dependency on target 'FirebaseCore' in project 'Firebase'
        ➜ Explicit dependency on target 'FirebaseCoreExtension' in project 'Firebase'
        ➜ Explicit dependency on target 'FirebaseSharedSwift' in project 'Firebase'
        ➜ Explicit dependency on target 'FirebaseFirestore' in project 'Firebase'
        ➜ Explicit dependency on target 'GULNSData' in project 'GoogleUtilities'
        ➜ Explicit dependency on target 'GULEnvironment' in project 'GoogleUtilities'
        ➜ Explicit dependency on target 'GULLogger' in project 'GoogleUtilities'
        ➜ Explicit dependency on target 'abseil' in project 'abseil'
        ➜ Explicit dependency on target 'gRPC-C++' in project 'gRPC'
        ➜ Explicit dependency on target 'nanopb' in project 'nanopb'
        ➜ Explicit dependency on target 'leveldb' in project 'leveldb'
    Target 'FirebaseFirestore' in project 'Firebase'
        ➜ Explicit dependency on target 'Firebase_FirebaseFirestore' in project 'Firebase'
        ➜ Explicit dependency on target 'FirebaseFirestoreInternalWrapper' in project 'Firebase'
        ➜ Explicit dependency on target 'FirebaseAppCheckInterop' in project 'Firebase'
        ➜ Explicit dependency on target 'Firebase' in project 'Firebase'
        ➜ Explicit dependency on target 'FirebaseCoreInternal' in project 'Firebase'
        ➜ Explicit dependency on target 'FirebaseCore' in project 'Firebase'
        ➜ Explicit dependency on target 'FirebaseCoreExtension' in project 'Firebase'
        ➜ Explicit dependency on target 'FirebaseSharedSwift' in project 'Firebase'
        ➜ Explicit dependency on target 'GULNSData' in project 'GoogleUtilities'
        ➜ Explicit dependency on target 'GULEnvironment' in project 'GoogleUtilities'
        ➜ Explicit dependency on target 'GULLogger' in project 'GoogleUtilities'
        ➜ Explicit dependency on target 'abseil' in project 'abseil'
        ➜ Explicit dependency on target 'gRPC-C++' in project 'gRPC'
        ➜ Explicit dependency on target 'nanopb' in project 'nanopb'
        ➜ Explicit dependency on target 'leveldb' in project 'leveldb'
    Target 'leveldb' in project 'leveldb'
        ➜ Explicit dependency on target 'leveldb' in project 'leveldb'
        ➜ Explicit dependency on target 'leveldb_leveldb' in project 'leveldb'
    Target 'leveldb' in project 'leveldb'
        ➜ Explicit dependency on target 'leveldb_leveldb' in project 'leveldb'
    Target 'leveldb_leveldb' in project 'leveldb' (no dependencies)
    Target 'nanopb' in project 'nanopb'
        ➜ Explicit dependency on target 'nanopb' in project 'nanopb'
        ➜ Explicit dependency on target 'nanopb_nanopb' in project 'nanopb'
    Target 'nanopb' in project 'nanopb'
        ➜ Explicit dependency on target 'nanopb_nanopb' in project 'nanopb'
    Target 'nanopb_nanopb' in project 'nanopb' (no dependencies)
    Target 'gRPC-C++' in project 'gRPC'
        ➜ Explicit dependency on target 'grpcppWrapper' in project 'gRPC'
        ➜ Explicit dependency on target 'gRPC_grpcppWrapper' in project 'gRPC'
        ➜ Explicit dependency on target 'grpcWrapper' in project 'gRPC'
        ➜ Explicit dependency on target 'opensslWrapper' in project 'gRPC'
        ➜ Explicit dependency on target 'abseil' in project 'abseil'
    Target 'grpcppWrapper' in project 'gRPC'
        ➜ Explicit dependency on target 'gRPC_grpcppWrapper' in project 'gRPC'
        ➜ Explicit dependency on target 'grpcWrapper' in project 'gRPC'
        ➜ Explicit dependency on target 'opensslWrapper' in project 'gRPC'
        ➜ Explicit dependency on target 'abseil' in project 'abseil'
    Target 'opensslWrapper' in project 'gRPC'
        ➜ Explicit dependency on target 'gRPC_opensslWrapper' in project 'gRPC'
    Target 'gRPC_opensslWrapper' in project 'gRPC' (no dependencies)
    Target 'grpcWrapper' in project 'gRPC'
        ➜ Explicit dependency on target 'gRPC_grpcWrapper' in project 'gRPC'
    Target 'gRPC_grpcWrapper' in project 'gRPC' (no dependencies)
    Target 'gRPC_grpcppWrapper' in project 'gRPC' (no dependencies)
    Target 'abseil' in project 'abseil'
        ➜ Explicit dependency on target 'abslWrapper' in project 'abseil'
        ➜ Explicit dependency on target 'abseil_abslWrapper' in project 'abseil'
    Target 'abslWrapper' in project 'abseil'
        ➜ Explicit dependency on target 'abseil_abslWrapper' in project 'abseil'
    Target 'abseil_abslWrapper' in project 'abseil' (no dependencies)
    Target 'Firebase_FirebaseFirestore' in project 'Firebase' (no dependencies)
    Target 'FirebaseSharedSwift' in project 'Firebase' (no dependencies)
    Target 'FirebaseFirestoreInternalWrapper' in project 'Firebase' (no dependencies)
    Target 'FirebaseAuth' in project 'Firebase'
        ➜ Explicit dependency on target 'FirebaseAuth' in project 'Firebase'
        ➜ Explicit dependency on target 'Firebase_FirebaseAuth' in project 'Firebase'
        ➜ Explicit dependency on target 'FirebaseAppCheckInterop' in project 'Firebase'
        ➜ Explicit dependency on target 'FirebaseAuthInterop' in project 'Firebase'
        ➜ Explicit dependency on target 'FirebaseAuthInternal' in project 'Firebase'
        ➜ Explicit dependency on target 'Firebase' in project 'Firebase'
        ➜ Explicit dependency on target 'FirebaseCoreInternal' in project 'Firebase'
        ➜ Explicit dependency on target 'FirebaseCore' in project 'Firebase'
        ➜ Explicit dependency on target 'FirebaseCoreExtension' in project 'Firebase'
        ➜ Explicit dependency on target 'RecaptchaInterop' in project 'InteropForGoogle'
        ➜ Explicit dependency on target 'GULNSData' in project 'GoogleUtilities'
        ➜ Explicit dependency on target 'GULEnvironment' in project 'GoogleUtilities'
        ➜ Explicit dependency on target 'GULLogger' in project 'GoogleUtilities'
        ➜ Explicit dependency on target 'GULAppDelegateSwizzler' in project 'GoogleUtilities'
        ➜ Explicit dependency on target 'GTMSessionFetcherCore' in project 'GTMSessionFetcher'
    Target 'FirebaseAuth' in project 'Firebase'
        ➜ Explicit dependency on target 'Firebase_FirebaseAuth' in project 'Firebase'
        ➜ Explicit dependency on target 'FirebaseAppCheckInterop' in project 'Firebase'
        ➜ Explicit dependency on target 'FirebaseAuthInterop' in project 'Firebase'
        ➜ Explicit dependency on target 'FirebaseAuthInternal' in project 'Firebase'
        ➜ Explicit dependency on target 'Firebase' in project 'Firebase'
        ➜ Explicit dependency on target 'FirebaseCoreInternal' in project 'Firebase'
        ➜ Explicit dependency on target 'FirebaseCore' in project 'Firebase'
        ➜ Explicit dependency on target 'FirebaseCoreExtension' in project 'Firebase'
        ➜ Explicit dependency on target 'RecaptchaInterop' in project 'InteropForGoogle'
        ➜ Explicit dependency on target 'GULNSData' in project 'GoogleUtilities'
        ➜ Explicit dependency on target 'GULEnvironment' in project 'GoogleUtilities'
        ➜ Explicit dependency on target 'GULLogger' in project 'GoogleUtilities'
        ➜ Explicit dependency on target 'GULAppDelegateSwizzler' in project 'GoogleUtilities'
        ➜ Explicit dependency on target 'GTMSessionFetcherCore' in project 'GTMSessionFetcher'
    Target 'GTMSessionFetcherCore' in project 'GTMSessionFetcher'
        ➜ Explicit dependency on target 'GTMSessionFetcherCore' in project 'GTMSessionFetcher'
        ➜ Explicit dependency on target 'GTMSessionFetcher_GTMSessionFetcherCore' in project 'GTMSessionFetcher'
    Target 'GTMSessionFetcherCore' in project 'GTMSessionFetcher'
        ➜ Explicit dependency on target 'GTMSessionFetcher_GTMSessionFetcherCore' in project 'GTMSessionFetcher'
    Target 'GTMSessionFetcher_GTMSessionFetcherCore' in project 'GTMSessionFetcher' (no dependencies)
    Target 'GULAppDelegateSwizzler' in project 'GoogleUtilities'
        ➜ Explicit dependency on target 'GoogleUtilities-AppDelegateSwizzler' in project 'GoogleUtilities'
        ➜ Explicit dependency on target 'GoogleUtilities_GoogleUtilities-AppDelegateSwizzler' in project 'GoogleUtilities'
        ➜ Explicit dependency on target 'third-party-IsAppEncrypted' in project 'GoogleUtilities'
        ➜ Explicit dependency on target 'GoogleUtilities-Environment' in project 'GoogleUtilities'
        ➜ Explicit dependency on target 'GoogleUtilities-Logger' in project 'GoogleUtilities'
        ➜ Explicit dependency on target 'GoogleUtilities-NSData' in project 'GoogleUtilities'
        ➜ Explicit dependency on target 'GoogleUtilities-Reachability' in project 'GoogleUtilities'
        ➜ Explicit dependency on target 'GoogleUtilities-Network' in project 'GoogleUtilities'
    Target 'GoogleUtilities-AppDelegateSwizzler' in project 'GoogleUtilities'
        ➜ Explicit dependency on target 'GoogleUtilities_GoogleUtilities-AppDelegateSwizzler' in project 'GoogleUtilities'
        ➜ Explicit dependency on target 'third-party-IsAppEncrypted' in project 'GoogleUtilities'
        ➜ Explicit dependency on target 'GoogleUtilities-Environment' in project 'GoogleUtilities'
        ➜ Explicit dependency on target 'GoogleUtilities-Logger' in project 'GoogleUtilities'
        ➜ Explicit dependency on target 'GoogleUtilities-NSData' in project 'GoogleUtilities'
        ➜ Explicit dependency on target 'GoogleUtilities-Reachability' in project 'GoogleUtilities'
        ➜ Explicit dependency on target 'GoogleUtilities-Network' in project 'GoogleUtilities'
    Target 'GoogleUtilities-Network' in project 'GoogleUtilities'
        ➜ Explicit dependency on target 'GoogleUtilities_GoogleUtilities-Network' in project 'GoogleUtilities'
        ➜ Explicit dependency on target 'third-party-IsAppEncrypted' in project 'GoogleUtilities'
        ➜ Explicit dependency on target 'GoogleUtilities-Environment' in project 'GoogleUtilities'
        ➜ Explicit dependency on target 'GoogleUtilities-Logger' in project 'GoogleUtilities'
        ➜ Explicit dependency on target 'GoogleUtilities-NSData' in project 'GoogleUtilities'
        ➜ Explicit dependency on target 'GoogleUtilities-Reachability' in project 'GoogleUtilities'
    Target 'GoogleUtilities_GoogleUtilities-Network' in project 'GoogleUtilities' (no dependencies)
    Target 'GoogleUtilities-Reachability' in project 'GoogleUtilities'
        ➜ Explicit dependency on target 'GoogleUtilities_GoogleUtilities-Reachability' in project 'GoogleUtilities'
        ➜ Explicit dependency on target 'third-party-IsAppEncrypted' in project 'GoogleUtilities'
        ➜ Explicit dependency on target 'GoogleUtilities-Environment' in project 'GoogleUtilities'
        ➜ Explicit dependency on target 'GoogleUtilities-Logger' in project 'GoogleUtilities'
    Target 'GoogleUtilities_GoogleUtilities-Reachability' in project 'GoogleUtilities' (no dependencies)
    Target 'GoogleUtilities_GoogleUtilities-AppDelegateSwizzler' in project 'GoogleUtilities' (no dependencies)
    Target 'FirebaseCoreExtension' in project 'Firebase'
        ➜ Explicit dependency on target 'Firebase_FirebaseCoreExtension' in project 'Firebase'
    Target 'Firebase_FirebaseCoreExtension' in project 'Firebase' (no dependencies)
    Target 'FirebaseCore' in project 'Firebase'
        ➜ Explicit dependency on target 'Firebase_FirebaseCore' in project 'Firebase'
        ➜ Explicit dependency on target 'Firebase' in project 'Firebase'
        ➜ Explicit dependency on target 'FirebaseCoreInternal' in project 'Firebase'
        ➜ Explicit dependency on target 'GULNSData' in project 'GoogleUtilities'
        ➜ Explicit dependency on target 'GULEnvironment' in project 'GoogleUtilities'
        ➜ Explicit dependency on target 'GULLogger' in project 'GoogleUtilities'
    Target 'GULLogger' in project 'GoogleUtilities'
        ➜ Explicit dependency on target 'GoogleUtilities-Logger' in project 'GoogleUtilities'
        ➜ Explicit dependency on target 'GoogleUtilities_GoogleUtilities-Logger' in project 'GoogleUtilities'
        ➜ Explicit dependency on target 'third-party-IsAppEncrypted' in project 'GoogleUtilities'
        ➜ Explicit dependency on target 'GoogleUtilities-Environment' in project 'GoogleUtilities'
    Target 'GoogleUtilities-Logger' in project 'GoogleUtilities'
        ➜ Explicit dependency on target 'GoogleUtilities_GoogleUtilities-Logger' in project 'GoogleUtilities'
        ➜ Explicit dependency on target 'third-party-IsAppEncrypted' in project 'GoogleUtilities'
        ➜ Explicit dependency on target 'GoogleUtilities-Environment' in project 'GoogleUtilities'
    Target 'GoogleUtilities_GoogleUtilities-Logger' in project 'GoogleUtilities' (no dependencies)
    Target 'GULEnvironment' in project 'GoogleUtilities'
        ➜ Explicit dependency on target 'GoogleUtilities-Environment' in project 'GoogleUtilities'
        ➜ Explicit dependency on target 'GoogleUtilities_GoogleUtilities-Environment' in project 'GoogleUtilities'
        ➜ Explicit dependency on target 'third-party-IsAppEncrypted' in project 'GoogleUtilities'
    Target 'GoogleUtilities-Environment' in project 'GoogleUtilities'
        ➜ Explicit dependency on target 'GoogleUtilities_GoogleUtilities-Environment' in project 'GoogleUtilities'
        ➜ Explicit dependency on target 'third-party-IsAppEncrypted' in project 'GoogleUtilities'
    Target 'third-party-IsAppEncrypted' in project 'GoogleUtilities' (no dependencies)
    Target 'GoogleUtilities_GoogleUtilities-Environment' in project 'GoogleUtilities' (no dependencies)
    Target 'Firebase_FirebaseCore' in project 'Firebase' (no dependencies)
    Target 'FirebaseCoreInternal' in project 'Firebase'
        ➜ Explicit dependency on target 'Firebase_FirebaseCoreInternal' in project 'Firebase'
        ➜ Explicit dependency on target 'GULNSData' in project 'GoogleUtilities'
    Target 'GULNSData' in project 'GoogleUtilities'
        ➜ Explicit dependency on target 'GoogleUtilities-NSData' in project 'GoogleUtilities'
        ➜ Explicit dependency on target 'GoogleUtilities_GoogleUtilities-NSData' in project 'GoogleUtilities'
    Target 'GoogleUtilities-NSData' in project 'GoogleUtilities'
        ➜ Explicit dependency on target 'GoogleUtilities_GoogleUtilities-NSData' in project 'GoogleUtilities'
    Target 'GoogleUtilities_GoogleUtilities-NSData' in project 'GoogleUtilities' (no dependencies)
    Target 'Firebase_FirebaseCoreInternal' in project 'Firebase' (no dependencies)
    Target 'Firebase' in project 'Firebase' (no dependencies)
    Target 'FirebaseAuthInternal' in project 'Firebase'
        ➜ Explicit dependency on target 'RecaptchaInterop' in project 'InteropForGoogle'
    Target 'RecaptchaInterop' in project 'InteropForGoogle'
        ➜ Explicit dependency on target 'RecaptchaInterop' in project 'InteropForGoogle'
    Target 'RecaptchaInterop' in project 'InteropForGoogle' (no dependencies)
    Target 'FirebaseAuthInterop' in project 'Firebase' (no dependencies)
    Target 'FirebaseAppCheckInterop' in project 'Firebase' (no dependencies)
    Target 'Firebase_FirebaseAuth' in project 'Firebase' (no dependencies)
    Target 'TranslateHelperKeyboard' in project 'TranslateHelper' (no dependencies)

GatherProvisioningInputs

CreateBuildDescription

ExecuteExternalTool /Applications/Xcode.app/Contents/Developer/Toolchains/XcodeDefault.xctoolchain/usr/bin/clang -v -E -dM -arch arm64 -isysroot /Applications/Xcode.app/Contents/Developer/Platforms/iPhoneOS.platform/Developer/SDKs/iPhoneOS26.2.sdk -x objective-c -c /dev/null

ExecuteExternalTool /Applications/Xcode.app/Contents/Developer/usr/bin/actool --version --output-format xml1

ExecuteExternalTool /Applications/Xcode.app/Contents/Developer/Toolchains/XcodeDefault.xctoolchain/usr/bin/swiftc --version

ExecuteExternalTool /Applications/Xcode.app/Contents/Developer/Toolchains/XcodeDefault.xctoolchain/usr/bin/clang -v -E -dM -isysroot /Applications/Xcode.app/Contents/Developer/Platforms/iPhoneOS.platform/Developer/SDKs/iPhoneOS26.2.sdk -x c -c /dev/null

ExecuteExternalTool /Applications/Xcode.app/Contents/Developer/usr/bin/ibtool --version --output-format xml1

ExecuteExternalTool /Applications/Xcode.app/Contents/Developer/usr/bin/actool --print-asset-tag-combinations --output-format xml1 /Users/jeffrey/Desktop/TranslateHelper/TranslateHelper/Assets.xcassets

ExecuteExternalTool /Applications/Xcode.app/Contents/Developer/Toolchains/XcodeDefault.xctoolchain/usr/bin/clang -v -E -dM -arch arm64 -isysroot /Applications/Xcode.app/Contents/Developer/Platforms/iPhoneOS.platform/Developer/SDKs/iPhoneOS26.2.sdk -x c -c /dev/null

ExecuteExternalTool /Applications/Xcode.app/Contents/Developer/Toolchains/XcodeDefault.xctoolchain/usr/bin/ld -version_details

ExecuteExternalTool /Applications/Xcode.app/Contents/Developer/Toolchains/XcodeDefault.xctoolchain/usr/bin/clang -v -E -dM -arch arm64 -isysroot /Applications/Xcode.app/Contents/Developer/Platforms/iPhoneOS.platform/Developer/SDKs/iPhoneOS26.2.sdk -x c++ -c /dev/null

Build description signature: 932ae2674ab516ddf6adc35370e25ab4
Build description path: /Users/jeffrey/Library/Developer/Xcode/DerivedData/TranslateHelper-foexynibdglzahdojodgkhgvczhy/Build/Intermediates.noindex/XCBuildData/932ae2674ab516ddf6adc35370e25ab4.xcbuilddata
ClangStatCache /Applications/Xcode.app/Contents/Developer/Toolchains/XcodeDefault.xctoolchain/usr/bin/clang-stat-cache /Applications/Xcode.app/Contents/Developer/Platforms/iPhoneOS.platform/Developer/SDKs/iPhoneOS26.2.sdk /Users/jeffrey/Library/Developer/Xcode/DerivedData/SDKStatCaches.noindex/iphoneos26.2-23C57-3794476bd08197c3e2abd9bb477ef7f7.sdkstatcache
    cd /Users/jeffrey/Desktop/TranslateHelper
    /Applications/Xcode.app/Contents/Developer/Toolchains/XcodeDefault.xctoolchain/usr/bin/clang-stat-cache /Applications/Xcode.app/Contents/Developer/Platforms/iPhoneOS.platform/Developer/SDKs/iPhoneOS26.2.sdk -o /Users/jeffrey/Library/Developer/Xcode/DerivedData/SDKStatCaches.noindex/iphoneos26.2-23C57-3794476bd08197c3e2abd9bb477ef7f7.sdkstatcache

ProcessInfoPlistFile /Users/jeffrey/Library/Developer/Xcode/DerivedData/TranslateHelper-foexynibdglzahdojodgkhgvczhy/Build/Products/Debug-iphoneos/GTMAppAuth_GTMAppAuth.bundle/Info.plist /Users/jeffrey/Library/Developer/Xcode/DerivedData/TranslateHelper-foexynibdglzahdojodgkhgvczhy/Build/Intermediates.noindex/GTMAppAuth.build/Debug-iphoneos/GTMAppAuth_GTMAppAuth.build/empty-GTMAppAuth_GTMAppAuth.plist (in target 'GTMAppAuth_GTMAppAuth' from project 'GTMAppAuth')
    cd /Users/jeffrey/Library/Developer/Xcode/DerivedData/TranslateHelper-foexynibdglzahdojodgkhgvczhy/SourcePackages/checkouts/GTMAppAuth
    builtin-infoPlistUtility /Users/jeffrey/Library/Developer/Xcode/DerivedData/TranslateHelper-foexynibdglzahdojodgkhgvczhy/Build/Intermediates.noindex/GTMAppAuth.build/Debug-iphoneos/GTMAppAuth_GTMAppAuth.build/empty-GTMAppAuth_GTMAppAuth.plist -producttype com.apple.product-type.bundle -expandbuildsettings -format binary -platform iphoneos -requiredArchitecture arm64 -o /Users/jeffrey/Library/Developer/Xcode/DerivedData/TranslateHelper-foexynibdglzahdojodgkhgvczhy/Build/Products/Debug-iphoneos/GTMAppAuth_GTMAppAuth.bundle/Info.plist

ProcessInfoPlistFile /Users/jeffrey/Library/Developer/Xcode/DerivedData/TranslateHelper-foexynibdglzahdojodgkhgvczhy/Build/Products/Debug-iphoneos/GoogleUtilities_GoogleUtilities-AppDelegateSwizzler.bundle/Info.plist /Users/jeffrey/Library/Developer/Xcode/DerivedData/TranslateHelper-foexynibdglzahdojodgkhgvczhy/Build/Intermediates.noindex/GoogleUtilities.build/Debug-iphoneos/GoogleUtilities_GoogleUtilities-AppDelegateSwizzler.build/empty-GoogleUtilities_GoogleUtilities-AppDelegateSwizzler.plist (in target 'GoogleUtilities_GoogleUtilities-AppDelegateSwizzler' from project 'GoogleUtilities')
    cd /Users/jeffrey/Library/Developer/Xcode/DerivedData/TranslateHelper-foexynibdglzahdojodgkhgvczhy/SourcePackages/checkouts/GoogleUtilities
    builtin-infoPlistUtility /Users/jeffrey/Library/Developer/Xcode/DerivedData/TranslateHelper-foexynibdglzahdojodgkhgvczhy/Build/Intermediates.noindex/GoogleUtilities.build/Debug-iphoneos/GoogleUtilities_GoogleUtilities-AppDelegateSwizzler.build/empty-GoogleUtilities_GoogleUtilities-AppDelegateSwizzler.plist -producttype com.apple.product-type.bundle -expandbuildsettings -format binary -platform iphoneos -requiredArchitecture arm64 -o /Users/jeffrey/Library/Developer/Xcode/DerivedData/TranslateHelper-foexynibdglzahdojodgkhgvczhy/Build/Products/Debug-iphoneos/GoogleUtilities_GoogleUtilities-AppDelegateSwizzler.bundle/Info.plist

ProcessInfoPlistFile /Users/jeffrey/Library/Developer/Xcode/DerivedData/TranslateHelper-foexynibdglzahdojodgkhgvczhy/Build/Products/Debug-iphoneos/GTMSessionFetcher_GTMSessionFetcherCore.bundle/Info.plist /Users/jeffrey/Library/Developer/Xcode/DerivedData/TranslateHelper-foexynibdglzahdojodgkhgvczhy/Build/Intermediates.noindex/GTMSessionFetcher.build/Debug-iphoneos/GTMSessionFetcher_GTMSessionFetcherCore.build/empty-GTMSessionFetcher_GTMSessionFetcherCore.plist (in target 'GTMSessionFetcher_GTMSessionFetcherCore' from project 'GTMSessionFetcher')
    cd /Users/jeffrey/Library/Developer/Xcode/DerivedData/TranslateHelper-foexynibdglzahdojodgkhgvczhy/SourcePackages/checkouts/gtm-session-fetcher
    builtin-infoPlistUtility /Users/jeffrey/Library/Developer/Xcode/DerivedData/TranslateHelper-foexynibdglzahdojodgkhgvczhy/Build/Intermediates.noindex/GTMSessionFetcher.build/Debug-iphoneos/GTMSessionFetcher_GTMSessionFetcherCore.build/empty-GTMSessionFetcher_GTMSessionFetcherCore.plist -producttype com.apple.product-type.bundle -expandbuildsettings -format binary -platform iphoneos -requiredArchitecture arm64 -o /Users/jeffrey/Library/Developer/Xcode/DerivedData/TranslateHelper-foexynibdglzahdojodgkhgvczhy/Build/Products/Debug-iphoneos/GTMSessionFetcher_GTMSessionFetcherCore.bundle/Info.plist

ProcessInfoPlistFile /Users/jeffrey/Library/Developer/Xcode/DerivedData/TranslateHelper-foexynibdglzahdojodgkhgvczhy/Build/Products/Debug-iphoneos/AppAuth_AppAuthCore.bundle/Info.plist /Users/jeffrey/Library/Developer/Xcode/DerivedData/TranslateHelper-foexynibdglzahdojodgkhgvczhy/Build/Intermediates.noindex/AppAuth.build/Debug-iphoneos/AppAuth_AppAuthCore.build/empty-AppAuth_AppAuthCore.plist (in target 'AppAuth_AppAuthCore' from project 'AppAuth')
    cd /Users/jeffrey/Library/Developer/Xcode/DerivedData/TranslateHelper-foexynibdglzahdojodgkhgvczhy/SourcePackages/checkouts/AppAuth-iOS
    builtin-infoPlistUtility /Users/jeffrey/Library/Developer/Xcode/DerivedData/TranslateHelper-foexynibdglzahdojodgkhgvczhy/Build/Intermediates.noindex/AppAuth.build/Debug-iphoneos/AppAuth_AppAuthCore.build/empty-AppAuth_AppAuthCore.plist -producttype com.apple.product-type.bundle -expandbuildsettings -format binary -platform iphoneos -requiredArchitecture arm64 -o /Users/jeffrey/Library/Developer/Xcode/DerivedData/TranslateHelper-foexynibdglzahdojodgkhgvczhy/Build/Products/Debug-iphoneos/AppAuth_AppAuthCore.bundle/Info.plist

ProcessInfoPlistFile /Users/jeffrey/Library/Developer/Xcode/DerivedData/TranslateHelper-foexynibdglzahdojodgkhgvczhy/Build/Products/Debug-iphoneos/GoogleSignIn_GoogleSignIn.bundle/Info.plist /Users/jeffrey/Library/Developer/Xcode/DerivedData/TranslateHelper-foexynibdglzahdojodgkhgvczhy/Build/Intermediates.noindex/GoogleSignIn.build/Debug-iphoneos/GoogleSignIn_GoogleSignIn.build/empty-GoogleSignIn_GoogleSignIn.plist (in target 'GoogleSignIn_GoogleSignIn' from project 'GoogleSignIn')
    cd /Users/jeffrey/Library/Developer/Xcode/DerivedData/TranslateHelper-foexynibdglzahdojodgkhgvczhy/SourcePackages/checkouts/GoogleSignIn-iOS
    builtin-infoPlistUtility /Users/jeffrey/Library/Developer/Xcode/DerivedData/TranslateHelper-foexynibdglzahdojodgkhgvczhy/Build/Intermediates.noindex/GoogleSignIn.build/Debug-iphoneos/GoogleSignIn_GoogleSignIn.build/empty-GoogleSignIn_GoogleSignIn.plist -producttype com.apple.product-type.bundle -expandbuildsettings -format binary -platform iphoneos -requiredArchitecture arm64 -o /Users/jeffrey/Library/Developer/Xcode/DerivedData/TranslateHelper-foexynibdglzahdojodgkhgvczhy/Build/Products/Debug-iphoneos/GoogleSignIn_GoogleSignIn.bundle/Info.plist

ProcessInfoPlistFile /Users/jeffrey/Library/Developer/Xcode/DerivedData/TranslateHelper-foexynibdglzahdojodgkhgvczhy/Build/Products/Debug-iphoneos/AppAuth_AppAuth.bundle/Info.plist /Users/jeffrey/Library/Developer/Xcode/DerivedData/TranslateHelper-foexynibdglzahdojodgkhgvczhy/Build/Intermediates.noindex/AppAuth.build/Debug-iphoneos/AppAuth_AppAuth.build/empty-AppAuth_AppAuth.plist (in target 'AppAuth_AppAuth' from project 'AppAuth')
    cd /Users/jeffrey/Library/Developer/Xcode/DerivedData/TranslateHelper-foexynibdglzahdojodgkhgvczhy/SourcePackages/checkouts/AppAuth-iOS
    builtin-infoPlistUtility /Users/jeffrey/Library/Developer/Xcode/DerivedData/TranslateHelper-foexynibdglzahdojodgkhgvczhy/Build/Intermediates.noindex/AppAuth.build/Debug-iphoneos/AppAuth_AppAuth.build/empty-AppAuth_AppAuth.plist -producttype com.apple.product-type.bundle -expandbuildsettings -format binary -platform iphoneos -requiredArchitecture arm64 -o /Users/jeffrey/Library/Developer/Xcode/DerivedData/TranslateHelper-foexynibdglzahdojodgkhgvczhy/Build/Products/Debug-iphoneos/AppAuth_AppAuth.bundle/Info.plist

ProcessInfoPlistFile /Users/jeffrey/Library/Developer/Xcode/DerivedData/TranslateHelper-foexynibdglzahdojodgkhgvczhy/Build/Products/Debug-iphoneos/Firebase_FirebaseAuth.bundle/Info.plist /Users/jeffrey/Library/Developer/Xcode/DerivedData/TranslateHelper-foexynibdglzahdojodgkhgvczhy/Build/Intermediates.noindex/Firebase.build/Debug-iphoneos/Firebase_FirebaseAuth.build/empty-Firebase_FirebaseAuth.plist (in target 'Firebase_FirebaseAuth' from project 'Firebase')
    cd /Users/jeffrey/Library/Developer/Xcode/DerivedData/TranslateHelper-foexynibdglzahdojodgkhgvczhy/SourcePackages/checkouts/firebase-ios-sdk
    builtin-infoPlistUtility /Users/jeffrey/Library/Developer/Xcode/DerivedData/TranslateHelper-foexynibdglzahdojodgkhgvczhy/Build/Intermediates.noindex/Firebase.build/Debug-iphoneos/Firebase_FirebaseAuth.build/empty-Firebase_FirebaseAuth.plist -producttype com.apple.product-type.bundle -expandbuildsettings -format binary -platform iphoneos -requiredArchitecture arm64 -o /Users/jeffrey/Library/Developer/Xcode/DerivedData/TranslateHelper-foexynibdglzahdojodgkhgvczhy/Build/Products/Debug-iphoneos/Firebase_FirebaseAuth.bundle/Info.plist

ProcessInfoPlistFile /Users/jeffrey/Library/Developer/Xcode/DerivedData/TranslateHelper-foexynibdglzahdojodgkhgvczhy/Build/Products/Debug-iphoneos/Promises_FBLPromises.bundle/Info.plist /Users/jeffrey/Library/Developer/Xcode/DerivedData/TranslateHelper-foexynibdglzahdojodgkhgvczhy/Build/Intermediates.noindex/Promises.build/Debug-iphoneos/Promises_FBLPromises.build/empty-Promises_FBLPromises.plist (in target 'Promises_FBLPromises' from project 'Promises')
    cd /Users/jeffrey/Library/Developer/Xcode/DerivedData/TranslateHelper-foexynibdglzahdojodgkhgvczhy/SourcePackages/checkouts/promises
    builtin-infoPlistUtility /Users/jeffrey/Library/Developer/Xcode/DerivedData/TranslateHelper-foexynibdglzahdojodgkhgvczhy/Build/Intermediates.noindex/Promises.build/Debug-iphoneos/Promises_FBLPromises.build/empty-Promises_FBLPromises.plist -producttype com.apple.product-type.bundle -expandbuildsettings -format binary -platform iphoneos -requiredArchitecture arm64 -o /Users/jeffrey/Library/Developer/Xcode/DerivedData/TranslateHelper-foexynibdglzahdojodgkhgvczhy/Build/Products/Debug-iphoneos/Promises_FBLPromises.bundle/Info.plist

ProcessInfoPlistFile /Users/jeffrey/Library/Developer/Xcode/DerivedData/TranslateHelper-foexynibdglzahdojodgkhgvczhy/Build/Products/Debug-iphoneos/GoogleUtilities_GoogleUtilities-UserDefaults.bundle/Info.plist /Users/jeffrey/Library/Developer/Xcode/DerivedData/TranslateHelper-foexynibdglzahdojodgkhgvczhy/Build/Intermediates.noindex/GoogleUtilities.build/Debug-iphoneos/GoogleUtilities_GoogleUtilities-UserDefaults.build/empty-GoogleUtilities_GoogleUtilities-UserDefaults.plist (in target 'GoogleUtilities_GoogleUtilities-UserDefaults' from project 'GoogleUtilities')
    cd /Users/jeffrey/Library/Developer/Xcode/DerivedData/TranslateHelper-foexynibdglzahdojodgkhgvczhy/SourcePackages/checkouts/GoogleUtilities
    builtin-infoPlistUtility /Users/jeffrey/Library/Developer/Xcode/DerivedData/TranslateHelper-foexynibdglzahdojodgkhgvczhy/Build/Intermediates.noindex/GoogleUtilities.build/Debug-iphoneos/GoogleUtilities_GoogleUtilities-UserDefaults.build/empty-GoogleUtilities_GoogleUtilities-UserDefaults.plist -producttype com.apple.product-type.bundle -expandbuildsettings -format binary -platform iphoneos -requiredArchitecture arm64 -o /Users/jeffrey/Library/Developer/Xcode/DerivedData/TranslateHelper-foexynibdglzahdojodgkhgvczhy/Build/Products/Debug-iphoneos/GoogleUtilities_GoogleUtilities-UserDefaults.bundle/Info.plist

ProcessInfoPlistFile /Users/jeffrey/Library/Developer/Xcode/DerivedData/TranslateHelper-foexynibdglzahdojodgkhgvczhy/Build/Products/Debug-iphoneos/nanopb_nanopb.bundle/Info.plist /Users/jeffrey/Library/Developer/Xcode/DerivedData/TranslateHelper-foexynibdglzahdojodgkhgvczhy/Build/Intermediates.noindex/nanopb.build/Debug-iphoneos/nanopb_nanopb.build/empty-nanopb_nanopb.plist (in target 'nanopb_nanopb' from project 'nanopb')
    cd /Users/jeffrey/Library/Developer/Xcode/DerivedData/TranslateHelper-foexynibdglzahdojodgkhgvczhy/SourcePackages/checkouts/nanopb
    builtin-infoPlistUtility /Users/jeffrey/Library/Developer/Xcode/DerivedData/TranslateHelper-foexynibdglzahdojodgkhgvczhy/Build/Intermediates.noindex/nanopb.build/Debug-iphoneos/nanopb_nanopb.build/empty-nanopb_nanopb.plist -producttype com.apple.product-type.bundle -expandbuildsettings -format binary -platform iphoneos -requiredArchitecture arm64 -o /Users/jeffrey/Library/Developer/Xcode/DerivedData/TranslateHelper-foexynibdglzahdojodgkhgvczhy/Build/Products/Debug-iphoneos/nanopb_nanopb.bundle/Info.plist

ProcessInfoPlistFile /Users/jeffrey/Library/Developer/Xcode/DerivedData/TranslateHelper-foexynibdglzahdojodgkhgvczhy/Build/Products/Debug-iphoneos/leveldb_leveldb.bundle/Info.plist /Users/jeffrey/Library/Developer/Xcode/DerivedData/TranslateHelper-foexynibdglzahdojodgkhgvczhy/Build/Intermediates.noindex/leveldb.build/Debug-iphoneos/leveldb_leveldb.build/empty-leveldb_leveldb.plist (in target 'leveldb_leveldb' from project 'leveldb')
    cd /Users/jeffrey/Library/Developer/Xcode/DerivedData/TranslateHelper-foexynibdglzahdojodgkhgvczhy/SourcePackages/checkouts/leveldb
    builtin-infoPlistUtility /Users/jeffrey/Library/Developer/Xcode/DerivedData/TranslateHelper-foexynibdglzahdojodgkhgvczhy/Build/Intermediates.noindex/leveldb.build/Debug-iphoneos/leveldb_leveldb.build/empty-leveldb_leveldb.plist -producttype com.apple.product-type.bundle -expandbuildsettings -format binary -platform iphoneos -requiredArchitecture arm64 -o /Users/jeffrey/Library/Developer/Xcode/DerivedData/TranslateHelper-foexynibdglzahdojodgkhgvczhy/Build/Products/Debug-iphoneos/leveldb_leveldb.bundle/Info.plist

ProcessInfoPlistFile /Users/jeffrey/Library/Developer/Xcode/DerivedData/TranslateHelper-foexynibdglzahdojodgkhgvczhy/Build/Products/Debug-iphoneos/gRPC_opensslWrapper.bundle/Info.plist /Users/jeffrey/Library/Developer/Xcode/DerivedData/TranslateHelper-foexynibdglzahdojodgkhgvczhy/Build/Intermediates.noindex/gRPC.build/Debug-iphoneos/gRPC_opensslWrapper.build/empty-gRPC_opensslWrapper.plist (in target 'gRPC_opensslWrapper' from project 'gRPC')
    cd /Users/jeffrey/Library/Developer/Xcode/DerivedData/TranslateHelper-foexynibdglzahdojodgkhgvczhy/SourcePackages/checkouts/grpc-binary
    builtin-infoPlistUtility /Users/jeffrey/Library/Developer/Xcode/DerivedData/TranslateHelper-foexynibdglzahdojodgkhgvczhy/Build/Intermediates.noindex/gRPC.build/Debug-iphoneos/gRPC_opensslWrapper.build/empty-gRPC_opensslWrapper.plist -producttype com.apple.product-type.bundle -expandbuildsettings -format binary -platform iphoneos -requiredArchitecture arm64 -o /Users/jeffrey/Library/Developer/Xcode/DerivedData/TranslateHelper-foexynibdglzahdojodgkhgvczhy/Build/Products/Debug-iphoneos/gRPC_opensslWrapper.bundle/Info.plist

ProcessInfoPlistFile /Users/jeffrey/Library/Developer/Xcode/DerivedData/TranslateHelper-foexynibdglzahdojodgkhgvczhy/Build/Products/Debug-iphoneos/gRPC_grpcppWrapper.bundle/Info.plist /Users/jeffrey/Library/Developer/Xcode/DerivedData/TranslateHelper-foexynibdglzahdojodgkhgvczhy/Build/Intermediates.noindex/gRPC.build/Debug-iphoneos/gRPC_grpcppWrapper.build/empty-gRPC_grpcppWrapper.plist (in target 'gRPC_grpcppWrapper' from project 'gRPC')
    cd /Users/jeffrey/Library/Developer/Xcode/DerivedData/TranslateHelper-foexynibdglzahdojodgkhgvczhy/SourcePackages/checkouts/grpc-binary
    builtin-infoPlistUtility /Users/jeffrey/Library/Developer/Xcode/DerivedData/TranslateHelper-foexynibdglzahdojodgkhgvczhy/Build/Intermediates.noindex/gRPC.build/Debug-iphoneos/gRPC_grpcppWrapper.build/empty-gRPC_grpcppWrapper.plist -producttype com.apple.product-type.bundle -expandbuildsettings -format binary -platform iphoneos -requiredArchitecture arm64 -o /Users/jeffrey/Library/Developer/Xcode/DerivedData/TranslateHelper-foexynibdglzahdojodgkhgvczhy/Build/Products/Debug-iphoneos/gRPC_grpcppWrapper.bundle/Info.plist

ProcessInfoPlistFile /Users/jeffrey/Library/Developer/Xcode/DerivedData/TranslateHelper-foexynibdglzahdojodgkhgvczhy/Build/Products/Debug-iphoneos/gRPC_grpcWrapper.bundle/Info.plist /Users/jeffrey/Library/Developer/Xcode/DerivedData/TranslateHelper-foexynibdglzahdojodgkhgvczhy/Build/Intermediates.noindex/gRPC.build/Debug-iphoneos/gRPC_grpcWrapper.build/empty-gRPC_grpcWrapper.plist (in target 'gRPC_grpcWrapper' from project 'gRPC')
    cd /Users/jeffrey/Library/Developer/Xcode/DerivedData/TranslateHelper-foexynibdglzahdojodgkhgvczhy/SourcePackages/checkouts/grpc-binary
    builtin-infoPlistUtility /Users/jeffrey/Library/Developer/Xcode/DerivedData/TranslateHelper-foexynibdglzahdojodgkhgvczhy/Build/Intermediates.noindex/gRPC.build/Debug-iphoneos/gRPC_grpcWrapper.build/empty-gRPC_grpcWrapper.plist -producttype com.apple.product-type.bundle -expandbuildsettings -format binary -platform iphoneos -requiredArchitecture arm64 -o /Users/jeffrey/Library/Developer/Xcode/DerivedData/TranslateHelper-foexynibdglzahdojodgkhgvczhy/Build/Products/Debug-iphoneos/gRPC_grpcWrapper.bundle/Info.plist

ProcessInfoPlistFile /Users/jeffrey/Library/Developer/Xcode/DerivedData/TranslateHelper-foexynibdglzahdojodgkhgvczhy/Build/Products/Debug-iphoneos/abseil_abslWrapper.bundle/Info.plist /Users/jeffrey/Library/Developer/Xcode/DerivedData/TranslateHelper-foexynibdglzahdojodgkhgvczhy/Build/Intermediates.noindex/abseil.build/Debug-iphoneos/abseil_abslWrapper.build/empty-abseil_abslWrapper.plist (in target 'abseil_abslWrapper' from project 'abseil')
    cd /Users/jeffrey/Library/Developer/Xcode/DerivedData/TranslateHelper-foexynibdglzahdojodgkhgvczhy/SourcePackages/checkouts/abseil-cpp-binary
    builtin-infoPlistUtility /Users/jeffrey/Library/Developer/Xcode/DerivedData/TranslateHelper-foexynibdglzahdojodgkhgvczhy/Build/Intermediates.noindex/abseil.build/Debug-iphoneos/abseil_abslWrapper.build/empty-abseil_abslWrapper.plist -producttype com.apple.product-type.bundle -expandbuildsettings -format binary -platform iphoneos -requiredArchitecture arm64 -o /Users/jeffrey/Library/Developer/Xcode/DerivedData/TranslateHelper-foexynibdglzahdojodgkhgvczhy/Build/Products/Debug-iphoneos/abseil_abslWrapper.bundle/Info.plist

ProcessInfoPlistFile /Users/jeffrey/Library/Developer/Xcode/DerivedData/TranslateHelper-foexynibdglzahdojodgkhgvczhy/Build/Products/Debug-iphoneos/GoogleUtilities_GoogleUtilities-Reachability.bundle/Info.plist /Users/jeffrey/Library/Developer/Xcode/DerivedData/TranslateHelper-foexynibdglzahdojodgkhgvczhy/Build/Intermediates.noindex/GoogleUtilities.build/Debug-iphoneos/GoogleUtilities_GoogleUtilities-Reachability.build/empty-GoogleUtilities_GoogleUtilities-Reachability.plist (in target 'GoogleUtilities_GoogleUtilities-Reachability' from project 'GoogleUtilities')
    cd /Users/jeffrey/Library/Developer/Xcode/DerivedData/TranslateHelper-foexynibdglzahdojodgkhgvczhy/SourcePackages/checkouts/GoogleUtilities
    builtin-infoPlistUtility /Users/jeffrey/Library/Developer/Xcode/DerivedData/TranslateHelper-foexynibdglzahdojodgkhgvczhy/Build/Intermediates.noindex/GoogleUtilities.build/Debug-iphoneos/GoogleUtilities_GoogleUtilities-Reachability.build/empty-GoogleUtilities_GoogleUtilities-Reachability.plist -producttype com.apple.product-type.bundle -expandbuildsettings -format binary -platform iphoneos -requiredArchitecture arm64 -o /Users/jeffrey/Library/Developer/Xcode/DerivedData/TranslateHelper-foexynibdglzahdojodgkhgvczhy/Build/Products/Debug-iphoneos/GoogleUtilities_GoogleUtilities-Reachability.bundle/Info.plist

ProcessInfoPlistFile /Users/jeffrey/Library/Developer/Xcode/DerivedData/TranslateHelper-foexynibdglzahdojodgkhgvczhy/Build/Products/Debug-iphoneos/GoogleUtilities_GoogleUtilities-Network.bundle/Info.plist /Users/jeffrey/Library/Developer/Xcode/DerivedData/TranslateHelper-foexynibdglzahdojodgkhgvczhy/Build/Intermediates.noindex/GoogleUtilities.build/Debug-iphoneos/GoogleUtilities_GoogleUtilities-Network.build/empty-GoogleUtilities_GoogleUtilities-Network.plist (in target 'GoogleUtilities_GoogleUtilities-Network' from project 'GoogleUtilities')
    cd /Users/jeffrey/Library/Developer/Xcode/DerivedData/TranslateHelper-foexynibdglzahdojodgkhgvczhy/SourcePackages/checkouts/GoogleUtilities
    builtin-infoPlistUtility /Users/jeffrey/Library/Developer/Xcode/DerivedData/TranslateHelper-foexynibdglzahdojodgkhgvczhy/Build/Intermediates.noindex/GoogleUtilities.build/Debug-iphoneos/GoogleUtilities_GoogleUtilities-Network.build/empty-GoogleUtilities_GoogleUtilities-Network.plist -producttype com.apple.product-type.bundle -expandbuildsettings -format binary -platform iphoneos -requiredArchitecture arm64 -o /Users/jeffrey/Library/Developer/Xcode/DerivedData/TranslateHelper-foexynibdglzahdojodgkhgvczhy/Build/Products/Debug-iphoneos/GoogleUtilities_GoogleUtilities-Network.bundle/Info.plist

ProcessInfoPlistFile /Users/jeffrey/Library/Developer/Xcode/DerivedData/TranslateHelper-foexynibdglzahdojodgkhgvczhy/Build/Products/Debug-iphoneos/GoogleUtilities_GoogleUtilities-NSData.bundle/Info.plist /Users/jeffrey/Library/Developer/Xcode/DerivedData/TranslateHelper-foexynibdglzahdojodgkhgvczhy/Build/Intermediates.noindex/GoogleUtilities.build/Debug-iphoneos/GoogleUtilities_GoogleUtilities-NSData.build/empty-GoogleUtilities_GoogleUtilities-NSData.plist (in target 'GoogleUtilities_GoogleUtilities-NSData' from project 'GoogleUtilities')
    cd /Users/jeffrey/Library/Developer/Xcode/DerivedData/TranslateHelper-foexynibdglzahdojodgkhgvczhy/SourcePackages/checkouts/GoogleUtilities
    builtin-infoPlistUtility /Users/jeffrey/Library/Developer/Xcode/DerivedData/TranslateHelper-foexynibdglzahdojodgkhgvczhy/Build/Intermediates.noindex/GoogleUtilities.build/Debug-iphoneos/GoogleUtilities_GoogleUtilities-NSData.build/empty-GoogleUtilities_GoogleUtilities-NSData.plist -producttype com.apple.product-type.bundle -expandbuildsettings -format binary -platform iphoneos -requiredArchitecture arm64 -o /Users/jeffrey/Library/Developer/Xcode/DerivedData/TranslateHelper-foexynibdglzahdojodgkhgvczhy/Build/Products/Debug-iphoneos/GoogleUtilities_GoogleUtilities-NSData.bundle/Info.plist

ProcessInfoPlistFile /Users/jeffrey/Library/Developer/Xcode/DerivedData/TranslateHelper-foexynibdglzahdojodgkhgvczhy/Build/Products/Debug-iphoneos/GoogleUtilities_GoogleUtilities-Logger.bundle/Info.plist /Users/jeffrey/Library/Developer/Xcode/DerivedData/TranslateHelper-foexynibdglzahdojodgkhgvczhy/Build/Intermediates.noindex/GoogleUtilities.build/Debug-iphoneos/GoogleUtilities_GoogleUtilities-Logger.build/empty-GoogleUtilities_GoogleUtilities-Logger.plist (in target 'GoogleUtilities_GoogleUtilities-Logger' from project 'GoogleUtilities')
    cd /Users/jeffrey/Library/Developer/Xcode/DerivedData/TranslateHelper-foexynibdglzahdojodgkhgvczhy/SourcePackages/checkouts/GoogleUtilities
    builtin-infoPlistUtility /Users/jeffrey/Library/Developer/Xcode/DerivedData/TranslateHelper-foexynibdglzahdojodgkhgvczhy/Build/Intermediates.noindex/GoogleUtilities.build/Debug-iphoneos/GoogleUtilities_GoogleUtilities-Logger.build/empty-GoogleUtilities_GoogleUtilities-Logger.plist -producttype com.apple.product-type.bundle -expandbuildsettings -format binary -platform iphoneos -requiredArchitecture arm64 -o /Users/jeffrey/Library/Developer/Xcode/DerivedData/TranslateHelper-foexynibdglzahdojodgkhgvczhy/Build/Products/Debug-iphoneos/GoogleUtilities_GoogleUtilities-Logger.bundle/Info.plist

ProcessInfoPlistFile /Users/jeffrey/Library/Developer/Xcode/DerivedData/TranslateHelper-foexynibdglzahdojodgkhgvczhy/Build/Products/Debug-iphoneos/GoogleUtilities_GoogleUtilities-Environment.bundle/Info.plist /Users/jeffrey/Library/Developer/Xcode/DerivedData/TranslateHelper-foexynibdglzahdojodgkhgvczhy/Build/Intermediates.noindex/GoogleUtilities.build/Debug-iphoneos/GoogleUtilities_GoogleUtilities-Environment.build/empty-GoogleUtilities_GoogleUtilities-Environment.plist (in target 'GoogleUtilities_GoogleUtilities-Environment' from project 'GoogleUtilities')
    cd /Users/jeffrey/Library/Developer/Xcode/DerivedData/TranslateHelper-foexynibdglzahdojodgkhgvczhy/SourcePackages/checkouts/GoogleUtilities
    builtin-infoPlistUtility /Users/jeffrey/Library/Developer/Xcode/DerivedData/TranslateHelper-foexynibdglzahdojodgkhgvczhy/Build/Intermediates.noindex/GoogleUtilities.build/Debug-iphoneos/GoogleUtilities_GoogleUtilities-Environment.build/empty-GoogleUtilities_GoogleUtilities-Environment.plist -producttype com.apple.product-type.bundle -expandbuildsettings -format binary -platform iphoneos -requiredArchitecture arm64 -o /Users/jeffrey/Library/Developer/Xcode/DerivedData/TranslateHelper-foexynibdglzahdojodgkhgvczhy/Build/Products/Debug-iphoneos/GoogleUtilities_GoogleUtilities-Environment.bundle/Info.plist

ProcessInfoPlistFile /Users/jeffrey/Library/Developer/Xcode/DerivedData/TranslateHelper-foexynibdglzahdojodgkhgvczhy/Build/Products/Debug-iphoneos/Firebase_FirebaseFirestore.bundle/Info.plist /Users/jeffrey/Library/Developer/Xcode/DerivedData/TranslateHelper-foexynibdglzahdojodgkhgvczhy/Build/Intermediates.noindex/Firebase.build/Debug-iphoneos/Firebase_FirebaseFirestore.build/empty-Firebase_FirebaseFirestore.plist (in target 'Firebase_FirebaseFirestore' from project 'Firebase')
    cd /Users/jeffrey/Library/Developer/Xcode/DerivedData/TranslateHelper-foexynibdglzahdojodgkhgvczhy/SourcePackages/checkouts/firebase-ios-sdk
    builtin-infoPlistUtility /Users/jeffrey/Library/Developer/Xcode/DerivedData/TranslateHelper-foexynibdglzahdojodgkhgvczhy/Build/Intermediates.noindex/Firebase.build/Debug-iphoneos/Firebase_FirebaseFirestore.build/empty-Firebase_FirebaseFirestore.plist -producttype com.apple.product-type.bundle -expandbuildsettings -format binary -platform iphoneos -requiredArchitecture arm64 -o /Users/jeffrey/Library/Developer/Xcode/DerivedData/TranslateHelper-foexynibdglzahdojodgkhgvczhy/Build/Products/Debug-iphoneos/Firebase_FirebaseFirestore.bundle/Info.plist

ProcessInfoPlistFile /Users/jeffrey/Library/Developer/Xcode/DerivedData/TranslateHelper-foexynibdglzahdojodgkhgvczhy/Build/Products/Debug-iphoneos/Firebase_FirebaseCoreInternal.bundle/Info.plist /Users/jeffrey/Library/Developer/Xcode/DerivedData/TranslateHelper-foexynibdglzahdojodgkhgvczhy/Build/Intermediates.noindex/Firebase.build/Debug-iphoneos/Firebase_FirebaseCoreInternal.build/empty-Firebase_FirebaseCoreInternal.plist (in target 'Firebase_FirebaseCoreInternal' from project 'Firebase')
    cd /Users/jeffrey/Library/Developer/Xcode/DerivedData/TranslateHelper-foexynibdglzahdojodgkhgvczhy/SourcePackages/checkouts/firebase-ios-sdk
    builtin-infoPlistUtility /Users/jeffrey/Library/Developer/Xcode/DerivedData/TranslateHelper-foexynibdglzahdojodgkhgvczhy/Build/Intermediates.noindex/Firebase.build/Debug-iphoneos/Firebase_FirebaseCoreInternal.build/empty-Firebase_FirebaseCoreInternal.plist -producttype com.apple.product-type.bundle -expandbuildsettings -format binary -platform iphoneos -requiredArchitecture arm64 -o /Users/jeffrey/Library/Developer/Xcode/DerivedData/TranslateHelper-foexynibdglzahdojodgkhgvczhy/Build/Products/Debug-iphoneos/Firebase_FirebaseCoreInternal.bundle/Info.plist

ProcessInfoPlistFile /Users/jeffrey/Library/Developer/Xcode/DerivedData/TranslateHelper-foexynibdglzahdojodgkhgvczhy/Build/Products/Debug-iphoneos/Firebase_FirebaseCoreExtension.bundle/Info.plist /Users/jeffrey/Library/Developer/Xcode/DerivedData/TranslateHelper-foexynibdglzahdojodgkhgvczhy/Build/Intermediates.noindex/Firebase.build/Debug-iphoneos/Firebase_FirebaseCoreExtension.build/empty-Firebase_FirebaseCoreExtension.plist (in target 'Firebase_FirebaseCoreExtension' from project 'Firebase')
    cd /Users/jeffrey/Library/Developer/Xcode/DerivedData/TranslateHelper-foexynibdglzahdojodgkhgvczhy/SourcePackages/checkouts/firebase-ios-sdk
    builtin-infoPlistUtility /Users/jeffrey/Library/Developer/Xcode/DerivedData/TranslateHelper-foexynibdglzahdojodgkhgvczhy/Build/Intermediates.noindex/Firebase.build/Debug-iphoneos/Firebase_FirebaseCoreExtension.build/empty-Firebase_FirebaseCoreExtension.plist -producttype com.apple.product-type.bundle -expandbuildsettings -format binary -platform iphoneos -requiredArchitecture arm64 -o /Users/jeffrey/Library/Developer/Xcode/DerivedData/TranslateHelper-foexynibdglzahdojodgkhgvczhy/Build/Products/Debug-iphoneos/Firebase_FirebaseCoreExtension.bundle/Info.plist

ProcessInfoPlistFile /Users/jeffrey/Library/Developer/Xcode/DerivedData/TranslateHelper-foexynibdglzahdojodgkhgvczhy/Build/Products/Debug-iphoneos/Firebase_FirebaseCore.bundle/Info.plist /Users/jeffrey/Library/Developer/Xcode/DerivedData/TranslateHelper-foexynibdglzahdojodgkhgvczhy/Build/Intermediates.noindex/Firebase.build/Debug-iphoneos/Firebase_FirebaseCore.build/empty-Firebase_FirebaseCore.plist (in target 'Firebase_FirebaseCore' from project 'Firebase')
    cd /Users/jeffrey/Library/Developer/Xcode/DerivedData/TranslateHelper-foexynibdglzahdojodgkhgvczhy/SourcePackages/checkouts/firebase-ios-sdk
    builtin-infoPlistUtility /Users/jeffrey/Library/Developer/Xcode/DerivedData/TranslateHelper-foexynibdglzahdojodgkhgvczhy/Build/Intermediates.noindex/Firebase.build/Debug-iphoneos/Firebase_FirebaseCore.build/empty-Firebase_FirebaseCore.plist -producttype com.apple.product-type.bundle -expandbuildsettings -format binary -platform iphoneos -requiredArchitecture arm64 -o /Users/jeffrey/Library/Developer/Xcode/DerivedData/TranslateHelper-foexynibdglzahdojodgkhgvczhy/Build/Products/Debug-iphoneos/Firebase_FirebaseCore.bundle/Info.plist

SwiftDriver TranslateHelperKeyboard normal arm64 com.apple.xcode.tools.swift.compiler (in target 'TranslateHelperKeyboard' from project 'TranslateHelper')
    cd /Users/jeffrey/Desktop/TranslateHelper
    builtin-SwiftDriver -- /Applications/Xcode.app/Contents/Developer/Toolchains/XcodeDefault.xctoolchain/usr/bin/swiftc -module-name TranslateHelperKeyboard -Onone -enforce-exclusivity\=checked @/Users/jeffrey/Library/Developer/Xcode/DerivedData/TranslateHelper-foexynibdglzahdojodgkhgvczhy/Build/Intermediates.noindex/TranslateHelper.build/Debug-iphoneos/TranslateHelperKeyboard.build/Objects-normal/arm64/TranslateHelperKeyboard.SwiftFileList -DDEBUG -enable-bare-slash-regex -enable-upcoming-feature DisableOutwardActorInference -enable-upcoming-feature InferSendableFromCaptures -enable-upcoming-feature GlobalActorIsolatedTypesUsability -enable-upcoming-feature MemberImportVisibility -enable-upcoming-feature InferIsolatedConformances -enable-upcoming-feature NonisolatedNonsendingByDefault -enable-experimental-feature DebugDescriptionMacro -sdk /Applications/Xcode.app/Contents/Developer/Platforms/iPhoneOS.platform/Developer/SDKs/iPhoneOS26.2.sdk -target arm64-apple-ios26.2 -g -module-cache-path /Users/jeffrey/Library/Developer/Xcode/DerivedData/ModuleCache.noindex -Xfrontend -serialize-debugging-options -application-extension -enable-testing -index-store-path /Users/jeffrey/Library/Developer/Xcode/DerivedData/TranslateHelper-foexynibdglzahdojodgkhgvczhy/Index.noindex/DataStore -Xcc -D_LIBCPP_HARDENING_MODE\=_LIBCPP_HARDENING_MODE_DEBUG -swift-version 5 -I /Users/jeffrey/Library/Developer/Xcode/DerivedData/TranslateHelper-foexynibdglzahdojodgkhgvczhy/Build/Products/Debug-iphoneos -F /Users/jeffrey/Library/Developer/Xcode/DerivedData/TranslateHelper-foexynibdglzahdojodgkhgvczhy/Build/Products/Debug-iphoneos -emit-localized-strings -emit-localized-strings-path /Users/jeffrey/Library/Developer/Xcode/DerivedData/TranslateHelper-foexynibdglzahdojodgkhgvczhy/Build/Intermediates.noindex/TranslateHelper.build/Debug-iphoneos/TranslateHelperKeyboard.build/Objects-normal/arm64 -c -j12 -enable-batch-mode -incremental -Xcc -ivfsstatcache -Xcc /Users/jeffrey/Library/Developer/Xcode/DerivedData/SDKStatCaches.noindex/iphoneos26.2-23C57-3794476bd08197c3e2abd9bb477ef7f7.sdkstatcache -output-file-map /Users/jeffrey/Library/Developer/Xcode/DerivedData/TranslateHelper-foexynibdglzahdojodgkhgvczhy/Build/Intermediates.noindex/TranslateHelper.build/Debug-iphoneos/TranslateHelperKeyboard.build/Objects-normal/arm64/TranslateHelperKeyboard-OutputFileMap.json -use-frontend-parseable-output -save-temps -no-color-diagnostics -explicit-module-build -module-cache-path /Users/jeffrey/Library/Developer/Xcode/DerivedData/TranslateHelper-foexynibdglzahdojodgkhgvczhy/Build/Intermediates.noindex/SwiftExplicitPrecompiledModules -clang-scanner-module-cache-path /Users/jeffrey/Library/Developer/Xcode/DerivedData/ModuleCache.noindex -sdk-module-cache-path /Users/jeffrey/Library/Developer/Xcode/DerivedData/ModuleCache.noindex -serialize-diagnostics -emit-dependencies -emit-module -emit-module-path /Users/jeffrey/Library/Developer/Xcode/DerivedData/TranslateHelper-foexynibdglzahdojodgkhgvczhy/Build/Intermediates.noindex/TranslateHelper.build/Debug-iphoneos/TranslateHelperKeyboard.build/Objects-normal/arm64/TranslateHelperKeyboard.swiftmodule -validate-clang-modules-once -clang-build-session-file /Users/jeffrey/Library/Developer/Xcode/DerivedData/ModuleCache.noindex/Session.modulevalidation -Xcc -I/Users/jeffrey/Library/Developer/Xcode/DerivedData/TranslateHelper-foexynibdglzahdojodgkhgvczhy/Build/Intermediates.noindex/TranslateHelper.build/Debug-iphoneos/TranslateHelperKeyboard.build/swift-overrides.hmap -emit-const-values -Xfrontend -const-gather-protocols-file -Xfrontend /Users/jeffrey/Library/Developer/Xcode/DerivedData/TranslateHelper-foexynibdglzahdojodgkhgvczhy/Build/Intermediates.noindex/TranslateHelper.build/Debug-iphoneos/TranslateHelperKeyboard.build/Objects-normal/arm64/TranslateHelperKeyboard_const_extract_protocols.json -Xcc -iquote -Xcc /Users/jeffrey/Library/Developer/Xcode/DerivedData/TranslateHelper-foexynibdglzahdojodgkhgvczhy/Build/Intermediates.noindex/TranslateHelper.build/Debug-iphoneos/TranslateHelperKeyboard.build/TranslateHelperKeyboard-generated-files.hmap -Xcc -I/Users/jeffrey/Library/Developer/Xcode/DerivedData/TranslateHelper-foexynibdglzahdojodgkhgvczhy/Build/Intermediates.noindex/TranslateHelper.build/Debug-iphoneos/TranslateHelperKeyboard.build/TranslateHelperKeyboard-own-target-headers.hmap -Xcc -I/Users/jeffrey/Library/Developer/Xcode/DerivedData/TranslateHelper-foexynibdglzahdojodgkhgvczhy/Build/Intermediates.noindex/TranslateHelper.build/Debug-iphoneos/TranslateHelperKeyboard.build/TranslateHelperKeyboard-all-non-framework-target-headers.hmap -Xcc -ivfsoverlay -Xcc /Users/jeffrey/Library/Developer/Xcode/DerivedData/TranslateHelper-foexynibdglzahdojodgkhgvczhy/Build/Intermediates.noindex/TranslateHelper.build/Debug-iphoneos/TranslateHelper-e7a25abd789e93800039006fb3c433c6-VFS-iphoneos/all-product-headers.yaml -Xcc -iquote -Xcc /Users/jeffrey/Library/Developer/Xcode/DerivedData/TranslateHelper-foexynibdglzahdojodgkhgvczhy/Build/Intermediates.noindex/TranslateHelper.build/Debug-iphoneos/TranslateHelperKeyboard.build/TranslateHelperKeyboard-project-headers.hmap -Xcc -I/Users/jeffrey/Library/Developer/Xcode/DerivedData/TranslateHelper-foexynibdglzahdojodgkhgvczhy/Build/Products/Debug-iphoneos/include -Xcc -I/Users/jeffrey/Library/Developer/Xcode/DerivedData/TranslateHelper-foexynibdglzahdojodgkhgvczhy/Build/Intermediates.noindex/TranslateHelper.build/Debug-iphoneos/TranslateHelperKeyboard.build/DerivedSources-normal/arm64 -Xcc -I/Users/jeffrey/Library/Developer/Xcode/DerivedData/TranslateHelper-foexynibdglzahdojodgkhgvczhy/Build/Intermediates.noindex/TranslateHelper.build/Debug-iphoneos/TranslateHelperKeyboard.build/DerivedSources/arm64 -Xcc -I/Users/jeffrey/Library/Developer/Xcode/DerivedData/TranslateHelper-foexynibdglzahdojodgkhgvczhy/Build/Intermediates.noindex/TranslateHelper.build/Debug-iphoneos/TranslateHelperKeyboard.build/DerivedSources -Xcc -DDEBUG\=1 -emit-objc-header -emit-objc-header-path /Users/jeffrey/Library/Developer/Xcode/DerivedData/TranslateHelper-foexynibdglzahdojodgkhgvczhy/Build/Intermediates.noindex/TranslateHelper.build/Debug-iphoneos/TranslateHelperKeyboard.build/Objects-normal/arm64/TranslateHelperKeyboard-Swift.h -working-directory /Users/jeffrey/Desktop/TranslateHelper -experimental-emit-module-separately -disable-cmo

ProcessInfoPlistFile /Users/jeffrey/Library/Developer/Xcode/DerivedData/TranslateHelper-foexynibdglzahdojodgkhgvczhy/Build/Products/Debug-iphoneos/TranslateHelperKeyboard.appex/Info.plist /Users/jeffrey/Desktop/TranslateHelper/TranslateHelperKeyboard/Info.plist (in target 'TranslateHelperKeyboard' from project 'TranslateHelper')
    cd /Users/jeffrey/Desktop/TranslateHelper
    builtin-infoPlistUtility /Users/jeffrey/Desktop/TranslateHelper/TranslateHelperKeyboard/Info.plist -producttype com.apple.product-type.app-extension -expandbuildsettings -format binary -platform iphoneos -additionalcontentfile /Users/jeffrey/Library/Developer/Xcode/DerivedData/TranslateHelper-foexynibdglzahdojodgkhgvczhy/Build/Intermediates.noindex/TranslateHelper.build/Debug-iphoneos/TranslateHelperKeyboard.build/assetcatalog_generated_info.plist -requiredArchitecture arm64 -o /Users/jeffrey/Library/Developer/Xcode/DerivedData/TranslateHelper-foexynibdglzahdojodgkhgvczhy/Build/Products/Debug-iphoneos/TranslateHelperKeyboard.appex/Info.plist

CpResource /Users/jeffrey/Library/Developer/Xcode/DerivedData/TranslateHelper-foexynibdglzahdojodgkhgvczhy/Build/Products/Debug-iphoneos/TranslateHelperKeyboard.appex/KeyboardViewController.swift.previous /Users/jeffrey/Desktop/TranslateHelper/TranslateHelperKeyboard/KeyboardViewController.swift.previous (in target 'TranslateHelperKeyboard' from project 'TranslateHelper')
    cd /Users/jeffrey/Desktop/TranslateHelper
    builtin-copy -exclude .DS_Store -exclude CVS -exclude .svn -exclude .git -exclude .hg -resolve-src-symlinks /Users/jeffrey/Desktop/TranslateHelper/TranslateHelperKeyboard/KeyboardViewController.swift.previous /Users/jeffrey/Library/Developer/Xcode/DerivedData/TranslateHelper-foexynibdglzahdojodgkhgvczhy/Build/Products/Debug-iphoneos/TranslateHelperKeyboard.appex

SwiftCompile normal arm64 Compiling\ KeyboardViewController.swift /Users/jeffrey/Desktop/TranslateHelper/TranslateHelperKeyboard/KeyboardViewController.swift (in target 'TranslateHelperKeyboard' from project 'TranslateHelper')

SwiftCompile normal arm64 /Users/jeffrey/Desktop/TranslateHelper/TranslateHelperKeyboard/KeyboardViewController.swift (in target 'TranslateHelperKeyboard' from project 'TranslateHelper')
    cd /Users/jeffrey/Desktop/TranslateHelper
    
/Users/jeffrey/Desktop/TranslateHelper/TranslateHelperKeyboard/KeyboardViewController.swift:108:15: warning: 'traitCollectionDidChange' was deprecated in iOS 17.0: Use the trait change registration APIs declared in the UITraitChangeObservable protocol
        super.traitCollectionDidChange(previousTraitCollection)
              ^

SwiftEmitModule normal arm64 Emitting\ module\ for\ TranslateHelperKeyboard (in target 'TranslateHelperKeyboard' from project 'TranslateHelper')

EmitSwiftModule normal arm64 (in target 'TranslateHelperKeyboard' from project 'TranslateHelper')
    cd /Users/jeffrey/Desktop/TranslateHelper
    

SwiftDriverJobDiscovery normal arm64 Emitting module for TranslateHelperKeyboard (in target 'TranslateHelperKeyboard' from project 'TranslateHelper')

SwiftDriver\ Compilation\ Requirements TranslateHelperKeyboard normal arm64 com.apple.xcode.tools.swift.compiler (in target 'TranslateHelperKeyboard' from project 'TranslateHelper')
    cd /Users/jeffrey/Desktop/TranslateHelper
    builtin-Swift-Compilation-Requirements -- /Applications/Xcode.app/Contents/Developer/Toolchains/XcodeDefault.xctoolchain/usr/bin/swiftc -module-name TranslateHelperKeyboard -Onone -enforce-exclusivity\=checked @/Users/jeffrey/Library/Developer/Xcode/DerivedData/TranslateHelper-foexynibdglzahdojodgkhgvczhy/Build/Intermediates.noindex/TranslateHelper.build/Debug-iphoneos/TranslateHelperKeyboard.build/Objects-normal/arm64/TranslateHelperKeyboard.SwiftFileList -DDEBUG -enable-bare-slash-regex -enable-upcoming-feature DisableOutwardActorInference -enable-upcoming-feature InferSendableFromCaptures -enable-upcoming-feature GlobalActorIsolatedTypesUsability -enable-upcoming-feature MemberImportVisibility -enable-upcoming-feature InferIsolatedConformances -enable-upcoming-feature NonisolatedNonsendingByDefault -enable-experimental-feature DebugDescriptionMacro -sdk /Applications/Xcode.app/Contents/Developer/Platforms/iPhoneOS.platform/Developer/SDKs/iPhoneOS26.2.sdk -target arm64-apple-ios26.2 -g -module-cache-path /Users/jeffrey/Library/Developer/Xcode/DerivedData/ModuleCache.noindex -Xfrontend -serialize-debugging-options -application-extension -enable-testing -index-store-path /Users/jeffrey/Library/Developer/Xcode/DerivedData/TranslateHelper-foexynibdglzahdojodgkhgvczhy/Index.noindex/DataStore -Xcc -D_LIBCPP_HARDENING_MODE\=_LIBCPP_HARDENING_MODE_DEBUG -swift-version 5 -I /Users/jeffrey/Library/Developer/Xcode/DerivedData/TranslateHelper-foexynibdglzahdojodgkhgvczhy/Build/Products/Debug-iphoneos -F /Users/jeffrey/Library/Developer/Xcode/DerivedData/TranslateHelper-foexynibdglzahdojodgkhgvczhy/Build/Products/Debug-iphoneos -emit-localized-strings -emit-localized-strings-path /Users/jeffrey/Library/Developer/Xcode/DerivedData/TranslateHelper-foexynibdglzahdojodgkhgvczhy/Build/Intermediates.noindex/TranslateHelper.build/Debug-iphoneos/TranslateHelperKeyboard.build/Objects-normal/arm64 -c -j12 -enable-batch-mode -incremental -Xcc -ivfsstatcache -Xcc /Users/jeffrey/Library/Developer/Xcode/DerivedData/SDKStatCaches.noindex/iphoneos26.2-23C57-3794476bd08197c3e2abd9bb477ef7f7.sdkstatcache -output-file-map /Users/jeffrey/Library/Developer/Xcode/DerivedData/TranslateHelper-foexynibdglzahdojodgkhgvczhy/Build/Intermediates.noindex/TranslateHelper.build/Debug-iphoneos/TranslateHelperKeyboard.build/Objects-normal/arm64/TranslateHelperKeyboard-OutputFileMap.json -use-frontend-parseable-output -save-temps -no-color-diagnostics -explicit-module-build -module-cache-path /Users/jeffrey/Library/Developer/Xcode/DerivedData/TranslateHelper-foexynibdglzahdojodgkhgvczhy/Build/Intermediates.noindex/SwiftExplicitPrecompiledModules -clang-scanner-module-cache-path /Users/jeffrey/Library/Developer/Xcode/DerivedData/ModuleCache.noindex -sdk-module-cache-path /Users/jeffrey/Library/Developer/Xcode/DerivedData/ModuleCache.noindex -serialize-diagnostics -emit-dependencies -emit-module -emit-module-path /Users/jeffrey/Library/Developer/Xcode/DerivedData/TranslateHelper-foexynibdglzahdojodgkhgvczhy/Build/Intermediates.noindex/TranslateHelper.build/Debug-iphoneos/TranslateHelperKeyboard.build/Objects-normal/arm64/TranslateHelperKeyboard.swiftmodule -validate-clang-modules-once -clang-build-session-file /Users/jeffrey/Library/Developer/Xcode/DerivedData/ModuleCache.noindex/Session.modulevalidation -Xcc -I/Users/jeffrey/Library/Developer/Xcode/DerivedData/TranslateHelper-foexynibdglzahdojodgkhgvczhy/Build/Intermediates.noindex/TranslateHelper.build/Debug-iphoneos/TranslateHelperKeyboard.build/swift-overrides.hmap -emit-const-values -Xfrontend -const-gather-protocols-file -Xfrontend /Users/jeffrey/Library/Developer/Xcode/DerivedData/TranslateHelper-foexynibdglzahdojodgkhgvczhy/Build/Intermediates.noindex/TranslateHelper.build/Debug-iphoneos/TranslateHelperKeyboard.build/Objects-normal/arm64/TranslateHelperKeyboard_const_extract_protocols.json -Xcc -iquote -Xcc /Users/jeffrey/Library/Developer/Xcode/DerivedData/TranslateHelper-foexynibdglzahdojodgkhgvczhy/Build/Intermediates.noindex/TranslateHelper.build/Debug-iphoneos/TranslateHelperKeyboard.build/TranslateHelperKeyboard-generated-files.hmap -Xcc -I/Users/jeffrey/Library/Developer/Xcode/DerivedData/TranslateHelper-foexynibdglzahdojodgkhgvczhy/Build/Intermediates.noindex/TranslateHelper.build/Debug-iphoneos/TranslateHelperKeyboard.build/TranslateHelperKeyboard-own-target-headers.hmap -Xcc -I/Users/jeffrey/Library/Developer/Xcode/DerivedData/TranslateHelper-foexynibdglzahdojodgkhgvczhy/Build/Intermediates.noindex/TranslateHelper.build/Debug-iphoneos/TranslateHelperKeyboard.build/TranslateHelperKeyboard-all-non-framework-target-headers.hmap -Xcc -ivfsoverlay -Xcc /Users/jeffrey/Library/Developer/Xcode/DerivedData/TranslateHelper-foexynibdglzahdojodgkhgvczhy/Build/Intermediates.noindex/TranslateHelper.build/Debug-iphoneos/TranslateHelper-e7a25abd789e93800039006fb3c433c6-VFS-iphoneos/all-product-headers.yaml -Xcc -iquote -Xcc /Users/jeffrey/Library/Developer/Xcode/DerivedData/TranslateHelper-foexynibdglzahdojodgkhgvczhy/Build/Intermediates.noindex/TranslateHelper.build/Debug-iphoneos/TranslateHelperKeyboard.build/TranslateHelperKeyboard-project-headers.hmap -Xcc -I/Users/jeffrey/Library/Developer/Xcode/DerivedData/TranslateHelper-foexynibdglzahdojodgkhgvczhy/Build/Products/Debug-iphoneos/include -Xcc -I/Users/jeffrey/Library/Developer/Xcode/DerivedData/TranslateHelper-foexynibdglzahdojodgkhgvczhy/Build/Intermediates.noindex/TranslateHelper.build/Debug-iphoneos/TranslateHelperKeyboard.build/DerivedSources-normal/arm64 -Xcc -I/Users/jeffrey/Library/Developer/Xcode/DerivedData/TranslateHelper-foexynibdglzahdojodgkhgvczhy/Build/Intermediates.noindex/TranslateHelper.build/Debug-iphoneos/TranslateHelperKeyboard.build/DerivedSources/arm64 -Xcc -I/Users/jeffrey/Library/Developer/Xcode/DerivedData/TranslateHelper-foexynibdglzahdojodgkhgvczhy/Build/Intermediates.noindex/TranslateHelper.build/Debug-iphoneos/TranslateHelperKeyboard.build/DerivedSources -Xcc -DDEBUG\=1 -emit-objc-header -emit-objc-header-path /Users/jeffrey/Library/Developer/Xcode/DerivedData/TranslateHelper-foexynibdglzahdojodgkhgvczhy/Build/Intermediates.noindex/TranslateHelper.build/Debug-iphoneos/TranslateHelperKeyboard.build/Objects-normal/arm64/TranslateHelperKeyboard-Swift.h -working-directory /Users/jeffrey/Desktop/TranslateHelper -experimental-emit-module-separately -disable-cmo

Copy /Users/jeffrey/Library/Developer/Xcode/DerivedData/TranslateHelper-foexynibdglzahdojodgkhgvczhy/Build/Products/Debug-iphoneos/TranslateHelperKeyboard.swiftmodule/arm64-apple-ios.swiftmodule /Users/jeffrey/Library/Developer/Xcode/DerivedData/TranslateHelper-foexynibdglzahdojodgkhgvczhy/Build/Intermediates.noindex/TranslateHelper.build/Debug-iphoneos/TranslateHelperKeyboard.build/Objects-normal/arm64/TranslateHelperKeyboard.swiftmodule (in target 'TranslateHelperKeyboard' from project 'TranslateHelper')
    cd /Users/jeffrey/Desktop/TranslateHelper
    builtin-copy -exclude .DS_Store -exclude CVS -exclude .svn -exclude .git -exclude .hg -resolve-src-symlinks -rename /Users/jeffrey/Library/Developer/Xcode/DerivedData/TranslateHelper-foexynibdglzahdojodgkhgvczhy/Build/Intermediates.noindex/TranslateHelper.build/Debug-iphoneos/TranslateHelperKeyboard.build/Objects-normal/arm64/TranslateHelperKeyboard.swiftmodule /Users/jeffrey/Library/Developer/Xcode/DerivedData/TranslateHelper-foexynibdglzahdojodgkhgvczhy/Build/Products/Debug-iphoneos/TranslateHelperKeyboard.swiftmodule/arm64-apple-ios.swiftmodule

Copy /Users/jeffrey/Library/Developer/Xcode/DerivedData/TranslateHelper-foexynibdglzahdojodgkhgvczhy/Build/Products/Debug-iphoneos/TranslateHelperKeyboard.swiftmodule/arm64-apple-ios.abi.json /Users/jeffrey/Library/Developer/Xcode/DerivedData/TranslateHelper-foexynibdglzahdojodgkhgvczhy/Build/Intermediates.noindex/TranslateHelper.build/Debug-iphoneos/TranslateHelperKeyboard.build/Objects-normal/arm64/TranslateHelperKeyboard.abi.json (in target 'TranslateHelperKeyboard' from project 'TranslateHelper')
    cd /Users/jeffrey/Desktop/TranslateHelper
    builtin-copy -exclude .DS_Store -exclude CVS -exclude .svn -exclude .git -exclude .hg -resolve-src-symlinks -rename /Users/jeffrey/Library/Developer/Xcode/DerivedData/TranslateHelper-foexynibdglzahdojodgkhgvczhy/Build/Intermediates.noindex/TranslateHelper.build/Debug-iphoneos/TranslateHelperKeyboard.build/Objects-normal/arm64/TranslateHelperKeyboard.abi.json /Users/jeffrey/Library/Developer/Xcode/DerivedData/TranslateHelper-foexynibdglzahdojodgkhgvczhy/Build/Products/Debug-iphoneos/TranslateHelperKeyboard.swiftmodule/arm64-apple-ios.abi.json

Copy /Users/jeffrey/Library/Developer/Xcode/DerivedData/TranslateHelper-foexynibdglzahdojodgkhgvczhy/Build/Products/Debug-iphoneos/TranslateHelperKeyboard.swiftmodule/Project/arm64-apple-ios.swiftsourceinfo /Users/jeffrey/Library/Developer/Xcode/DerivedData/TranslateHelper-foexynibdglzahdojodgkhgvczhy/Build/Intermediates.noindex/TranslateHelper.build/Debug-iphoneos/TranslateHelperKeyboard.build/Objects-normal/arm64/TranslateHelperKeyboard.swiftsourceinfo (in target 'TranslateHelperKeyboard' from project 'TranslateHelper')
    cd /Users/jeffrey/Desktop/TranslateHelper
    builtin-copy -exclude .DS_Store -exclude CVS -exclude .svn -exclude .git -exclude .hg -resolve-src-symlinks -rename /Users/jeffrey/Library/Developer/Xcode/DerivedData/TranslateHelper-foexynibdglzahdojodgkhgvczhy/Build/Intermediates.noindex/TranslateHelper.build/Debug-iphoneos/TranslateHelperKeyboard.build/Objects-normal/arm64/TranslateHelperKeyboard.swiftsourceinfo /Users/jeffrey/Library/Developer/Xcode/DerivedData/TranslateHelper-foexynibdglzahdojodgkhgvczhy/Build/Products/Debug-iphoneos/TranslateHelperKeyboard.swiftmodule/Project/arm64-apple-ios.swiftsourceinfo

SwiftMergeGeneratedHeaders /Users/jeffrey/Library/Developer/Xcode/DerivedData/TranslateHelper-foexynibdglzahdojodgkhgvczhy/Build/Intermediates.noindex/TranslateHelper.build/Debug-iphoneos/TranslateHelperKeyboard.build/DerivedSources/TranslateHelperKeyboard-Swift.h /Users/jeffrey/Library/Developer/Xcode/DerivedData/TranslateHelper-foexynibdglzahdojodgkhgvczhy/Build/Intermediates.noindex/TranslateHelper.build/Debug-iphoneos/TranslateHelperKeyboard.build/Objects-normal/arm64/TranslateHelperKeyboard-Swift.h (in target 'TranslateHelperKeyboard' from project 'TranslateHelper')
    cd /Users/jeffrey/Desktop/TranslateHelper
    builtin-swiftHeaderTool -arch arm64 /Users/jeffrey/Library/Developer/Xcode/DerivedData/TranslateHelper-foexynibdglzahdojodgkhgvczhy/Build/Intermediates.noindex/TranslateHelper.build/Debug-iphoneos/TranslateHelperKeyboard.build/Objects-normal/arm64/TranslateHelperKeyboard-Swift.h -o /Users/jeffrey/Library/Developer/Xcode/DerivedData/TranslateHelper-foexynibdglzahdojodgkhgvczhy/Build/Intermediates.noindex/TranslateHelper.build/Debug-iphoneos/TranslateHelperKeyboard.build/DerivedSources/TranslateHelperKeyboard-Swift.h

SwiftDriverJobDiscovery normal arm64 Compiling KeyboardViewController.swift (in target 'TranslateHelperKeyboard' from project 'TranslateHelper')

SwiftDriver\ Compilation TranslateHelperKeyboard normal arm64 com.apple.xcode.tools.swift.compiler (in target 'TranslateHelperKeyboard' from project 'TranslateHelper')
    cd /Users/jeffrey/Desktop/TranslateHelper
    builtin-Swift-Compilation -- /Applications/Xcode.app/Contents/Developer/Toolchains/XcodeDefault.xctoolchain/usr/bin/swiftc -module-name TranslateHelperKeyboard -Onone -enforce-exclusivity\=checked @/Users/jeffrey/Library/Developer/Xcode/DerivedData/TranslateHelper-foexynibdglzahdojodgkhgvczhy/Build/Intermediates.noindex/TranslateHelper.build/Debug-iphoneos/TranslateHelperKeyboard.build/Objects-normal/arm64/TranslateHelperKeyboard.SwiftFileList -DDEBUG -enable-bare-slash-regex -enable-upcoming-feature DisableOutwardActorInference -enable-upcoming-feature InferSendableFromCaptures -enable-upcoming-feature GlobalActorIsolatedTypesUsability -enable-upcoming-feature MemberImportVisibility -enable-upcoming-feature InferIsolatedConformances -enable-upcoming-feature NonisolatedNonsendingByDefault -enable-experimental-feature DebugDescriptionMacro -sdk /Applications/Xcode.app/Contents/Developer/Platforms/iPhoneOS.platform/Developer/SDKs/iPhoneOS26.2.sdk -target arm64-apple-ios26.2 -g -module-cache-path /Users/jeffrey/Library/Developer/Xcode/DerivedData/ModuleCache.noindex -Xfrontend -serialize-debugging-options -application-extension -enable-testing -index-store-path /Users/jeffrey/Library/Developer/Xcode/DerivedData/TranslateHelper-foexynibdglzahdojodgkhgvczhy/Index.noindex/DataStore -Xcc -D_LIBCPP_HARDENING_MODE\=_LIBCPP_HARDENING_MODE_DEBUG -swift-version 5 -I /Users/jeffrey/Library/Developer/Xcode/DerivedData/TranslateHelper-foexynibdglzahdojodgkhgvczhy/Build/Products/Debug-iphoneos -F /Users/jeffrey/Library/Developer/Xcode/DerivedData/TranslateHelper-foexynibdglzahdojodgkhgvczhy/Build/Products/Debug-iphoneos -emit-localized-strings -emit-localized-strings-path /Users/jeffrey/Library/Developer/Xcode/DerivedData/TranslateHelper-foexynibdglzahdojodgkhgvczhy/Build/Intermediates.noindex/TranslateHelper.build/Debug-iphoneos/TranslateHelperKeyboard.build/Objects-normal/arm64 -c -j12 -enable-batch-mode -incremental -Xcc -ivfsstatcache -Xcc /Users/jeffrey/Library/Developer/Xcode/DerivedData/SDKStatCaches.noindex/iphoneos26.2-23C57-3794476bd08197c3e2abd9bb477ef7f7.sdkstatcache -output-file-map /Users/jeffrey/Library/Developer/Xcode/DerivedData/TranslateHelper-foexynibdglzahdojodgkhgvczhy/Build/Intermediates.noindex/TranslateHelper.build/Debug-iphoneos/TranslateHelperKeyboard.build/Objects-normal/arm64/TranslateHelperKeyboard-OutputFileMap.json -use-frontend-parseable-output -save-temps -no-color-diagnostics -explicit-module-build -module-cache-path /Users/jeffrey/Library/Developer/Xcode/DerivedData/TranslateHelper-foexynibdglzahdojodgkhgvczhy/Build/Intermediates.noindex/SwiftExplicitPrecompiledModules -clang-scanner-module-cache-path /Users/jeffrey/Library/Developer/Xcode/DerivedData/ModuleCache.noindex -sdk-module-cache-path /Users/jeffrey/Library/Developer/Xcode/DerivedData/ModuleCache.noindex -serialize-diagnostics -emit-dependencies -emit-module -emit-module-path /Users/jeffrey/Library/Developer/Xcode/DerivedData/TranslateHelper-foexynibdglzahdojodgkhgvczhy/Build/Intermediates.noindex/TranslateHelper.build/Debug-iphoneos/TranslateHelperKeyboard.build/Objects-normal/arm64/TranslateHelperKeyboard.swiftmodule -validate-clang-modules-once -clang-build-session-file /Users/jeffrey/Library/Developer/Xcode/DerivedData/ModuleCache.noindex/Session.modulevalidation -Xcc -I/Users/jeffrey/Library/Developer/Xcode/DerivedData/TranslateHelper-foexynibdglzahdojodgkhgvczhy/Build/Intermediates.noindex/TranslateHelper.build/Debug-iphoneos/TranslateHelperKeyboard.build/swift-overrides.hmap -emit-const-values -Xfrontend -const-gather-protocols-file -Xfrontend /Users/jeffrey/Library/Developer/Xcode/DerivedData/TranslateHelper-foexynibdglzahdojodgkhgvczhy/Build/Intermediates.noindex/TranslateHelper.build/Debug-iphoneos/TranslateHelperKeyboard.build/Objects-normal/arm64/TranslateHelperKeyboard_const_extract_protocols.json -Xcc -iquote -Xcc /Users/jeffrey/Library/Developer/Xcode/DerivedData/TranslateHelper-foexynibdglzahdojodgkhgvczhy/Build/Intermediates.noindex/TranslateHelper.build/Debug-iphoneos/TranslateHelperKeyboard.build/TranslateHelperKeyboard-generated-files.hmap -Xcc -I/Users/jeffrey/Library/Developer/Xcode/DerivedData/TranslateHelper-foexynibdglzahdojodgkhgvczhy/Build/Intermediates.noindex/TranslateHelper.build/Debug-iphoneos/TranslateHelperKeyboard.build/TranslateHelperKeyboard-own-target-headers.hmap -Xcc -I/Users/jeffrey/Library/Developer/Xcode/DerivedData/TranslateHelper-foexynibdglzahdojodgkhgvczhy/Build/Intermediates.noindex/TranslateHelper.build/Debug-iphoneos/TranslateHelperKeyboard.build/TranslateHelperKeyboard-all-non-framework-target-headers.hmap -Xcc -ivfsoverlay -Xcc /Users/jeffrey/Library/Developer/Xcode/DerivedData/TranslateHelper-foexynibdglzahdojodgkhgvczhy/Build/Intermediates.noindex/TranslateHelper.build/Debug-iphoneos/TranslateHelper-e7a25abd789e93800039006fb3c433c6-VFS-iphoneos/all-product-headers.yaml -Xcc -iquote -Xcc /Users/jeffrey/Library/Developer/Xcode/DerivedData/TranslateHelper-foexynibdglzahdojodgkhgvczhy/Build/Intermediates.noindex/TranslateHelper.build/Debug-iphoneos/TranslateHelperKeyboard.build/TranslateHelperKeyboard-project-headers.hmap -Xcc -I/Users/jeffrey/Library/Developer/Xcode/DerivedData/TranslateHelper-foexynibdglzahdojodgkhgvczhy/Build/Products/Debug-iphoneos/include -Xcc -I/Users/jeffrey/Library/Developer/Xcode/DerivedData/TranslateHelper-foexynibdglzahdojodgkhgvczhy/Build/Intermediates.noindex/TranslateHelper.build/Debug-iphoneos/TranslateHelperKeyboard.build/DerivedSources-normal/arm64 -Xcc -I/Users/jeffrey/Library/Developer/Xcode/DerivedData/TranslateHelper-foexynibdglzahdojodgkhgvczhy/Build/Intermediates.noindex/TranslateHelper.build/Debug-iphoneos/TranslateHelperKeyboard.build/DerivedSources/arm64 -Xcc -I/Users/jeffrey/Library/Developer/Xcode/DerivedData/TranslateHelper-foexynibdglzahdojodgkhgvczhy/Build/Intermediates.noindex/TranslateHelper.build/Debug-iphoneos/TranslateHelperKeyboard.build/DerivedSources -Xcc -DDEBUG\=1 -emit-objc-header -emit-objc-header-path /Users/jeffrey/Library/Developer/Xcode/DerivedData/TranslateHelper-foexynibdglzahdojodgkhgvczhy/Build/Intermediates.noindex/TranslateHelper.build/Debug-iphoneos/TranslateHelperKeyboard.build/Objects-normal/arm64/TranslateHelperKeyboard-Swift.h -working-directory /Users/jeffrey/Desktop/TranslateHelper -experimental-emit-module-separately -disable-cmo

Ld /Users/jeffrey/Library/Developer/Xcode/DerivedData/TranslateHelper-foexynibdglzahdojodgkhgvczhy/Build/Products/Debug-iphoneos/TranslateHelperKeyboard.appex/TranslateHelperKeyboard.debug.dylib normal (in target 'TranslateHelperKeyboard' from project 'TranslateHelper')
    cd /Users/jeffrey/Desktop/TranslateHelper
    /Applications/Xcode.app/Contents/Developer/Toolchains/XcodeDefault.xctoolchain/usr/bin/clang -Xlinker -reproducible -target arm64-apple-ios26.2 -dynamiclib -isysroot /Applications/Xcode.app/Contents/Developer/Platforms/iPhoneOS.platform/Developer/SDKs/iPhoneOS26.2.sdk -O0 -L/Users/jeffrey/Library/Developer/Xcode/DerivedData/TranslateHelper-foexynibdglzahdojodgkhgvczhy/Build/Intermediates.noindex/EagerLinkingTBDs/Debug-iphoneos -L/Users/jeffrey/Library/Developer/Xcode/DerivedData/TranslateHelper-foexynibdglzahdojodgkhgvczhy/Build/Products/Debug-iphoneos -F/Users/jeffrey/Library/Developer/Xcode/DerivedData/TranslateHelper-foexynibdglzahdojodgkhgvczhy/Build/Intermediates.noindex/EagerLinkingTBDs/Debug-iphoneos -F/Users/jeffrey/Library/Developer/Xcode/DerivedData/TranslateHelper-foexynibdglzahdojodgkhgvczhy/Build/Products/Debug-iphoneos -filelist /Users/jeffrey/Library/Developer/Xcode/DerivedData/TranslateHelper-foexynibdglzahdojodgkhgvczhy/Build/Intermediates.noindex/TranslateHelper.build/Debug-iphoneos/TranslateHelperKeyboard.build/Objects-normal/arm64/TranslateHelperKeyboard.LinkFileList -install_name @rpath/TranslateHelperKeyboard.debug.dylib -Xlinker -rpath -Xlinker @executable_path/Frameworks -Xlinker -rpath -Xlinker @executable_path/../../Frameworks -dead_strip -Xlinker -object_path_lto -Xlinker /Users/jeffrey/Library/Developer/Xcode/DerivedData/TranslateHelper-foexynibdglzahdojodgkhgvczhy/Build/Intermediates.noindex/TranslateHelper.build/Debug-iphoneos/TranslateHelperKeyboard.build/Objects-normal/arm64/TranslateHelperKeyboard_lto.o -rdynamic -Xlinker -no_deduplicate -Xlinker -dependency_info -Xlinker /Users/jeffrey/Library/Developer/Xcode/DerivedData/TranslateHelper-foexynibdglzahdojodgkhgvczhy/Build/Intermediates.noindex/TranslateHelper.build/Debug-iphoneos/TranslateHelperKeyboard.build/Objects-normal/arm64/TranslateHelperKeyboard_dependency_info.dat -fapplication-extension -fobjc-link-runtime -L/Applications/Xcode.app/Contents/Developer/Toolchains/XcodeDefault.xctoolchain/usr/lib/swift/iphoneos -L/usr/lib/swift -Xlinker -add_ast_path -Xlinker /Users/jeffrey/Library/Developer/Xcode/DerivedData/TranslateHelper-foexynibdglzahdojodgkhgvczhy/Build/Intermediates.noindex/TranslateHelper.build/Debug-iphoneos/TranslateHelperKeyboard.build/Objects-normal/arm64/TranslateHelperKeyboard.swiftmodule @/Users/jeffrey/Library/Developer/Xcode/DerivedData/TranslateHelper-foexynibdglzahdojodgkhgvczhy/Build/Intermediates.noindex/TranslateHelper.build/Debug-iphoneos/TranslateHelperKeyboard.build/Objects-normal/arm64/TranslateHelperKeyboard-linker-args.resp -Xlinker -alias -Xlinker _NSExtensionMain -Xlinker ___debug_main_executable_dylib_entry_point -Xlinker -no_adhoc_codesign -o /Users/jeffrey/Library/Developer/Xcode/DerivedData/TranslateHelper-foexynibdglzahdojodgkhgvczhy/Build/Products/Debug-iphoneos/TranslateHelperKeyboard.appex/TranslateHelperKeyboard.debug.dylib

ConstructStubExecutorLinkFileList /Users/jeffrey/Library/Developer/Xcode/DerivedData/TranslateHelper-foexynibdglzahdojodgkhgvczhy/Build/Intermediates.noindex/TranslateHelper.build/Debug-iphoneos/TranslateHelperKeyboard.build/TranslateHelperKeyboard-ExecutorLinkFileList-normal-arm64.txt (in target 'TranslateHelperKeyboard' from project 'TranslateHelper')
    cd /Users/jeffrey/Desktop/TranslateHelper
    construct-stub-executor-link-file-list /Users/jeffrey/Library/Developer/Xcode/DerivedData/TranslateHelper-foexynibdglzahdojodgkhgvczhy/Build/Products/Debug-iphoneos/TranslateHelperKeyboard.appex/TranslateHelperKeyboard.debug.dylib /Applications/Xcode.app/Contents/Developer/Platforms/iPhoneOS.platform/Developer/usr/lib/libPreviewsJITStubExecutor_no_swift_entry_point.a /Applications/Xcode.app/Contents/Developer/Platforms/iPhoneOS.platform/Developer/usr/lib/libPreviewsJITStubExecutor.a --output /Users/jeffrey/Library/Developer/Xcode/DerivedData/TranslateHelper-foexynibdglzahdojodgkhgvczhy/Build/Intermediates.noindex/TranslateHelper.build/Debug-iphoneos/TranslateHelperKeyboard.build/TranslateHelperKeyboard-ExecutorLinkFileList-normal-arm64.txt
note: Using stub executor library without Swift entry point. (in target 'TranslateHelperKeyboard' from project 'TranslateHelper')

Ld /Users/jeffrey/Library/Developer/Xcode/DerivedData/TranslateHelper-foexynibdglzahdojodgkhgvczhy/Build/Products/Debug-iphoneos/TranslateHelperKeyboard.appex/TranslateHelperKeyboard normal (in target 'TranslateHelperKeyboard' from project 'TranslateHelper')
    cd /Users/jeffrey/Desktop/TranslateHelper
    /Applications/Xcode.app/Contents/Developer/Toolchains/XcodeDefault.xctoolchain/usr/bin/clang -Xlinker -reproducible -target arm64-apple-ios26.2 -isysroot /Applications/Xcode.app/Contents/Developer/Platforms/iPhoneOS.platform/Developer/SDKs/iPhoneOS26.2.sdk -O0 -L/Users/jeffrey/Library/Developer/Xcode/DerivedData/TranslateHelper-foexynibdglzahdojodgkhgvczhy/Build/Products/Debug-iphoneos -F/Users/jeffrey/Library/Developer/Xcode/DerivedData/TranslateHelper-foexynibdglzahdojodgkhgvczhy/Build/Products/Debug-iphoneos -Xlinker -rpath -Xlinker @executable_path -Xlinker -rpath -Xlinker @executable_path/Frameworks -Xlinker -rpath -Xlinker @executable_path/../../Frameworks -rdynamic -Xlinker -no_deduplicate -e ___debug_blank_executor_main -Xlinker -sectcreate -Xlinker __TEXT -Xlinker __debug_dylib -Xlinker /Users/jeffrey/Library/Developer/Xcode/DerivedData/TranslateHelper-foexynibdglzahdojodgkhgvczhy/Build/Intermediates.noindex/TranslateHelper.build/Debug-iphoneos/TranslateHelperKeyboard.build/TranslateHelperKeyboard-DebugDylibPath-normal-arm64.txt -Xlinker -sectcreate -Xlinker __TEXT -Xlinker __debug_entry -Xlinker /Users/jeffrey/Library/Developer/Xcode/DerivedData/TranslateHelper-foexynibdglzahdojodgkhgvczhy/Build/Intermediates.noindex/TranslateHelper.build/Debug-iphoneos/TranslateHelperKeyboard.build/TranslateHelperKeyboard-DebugEntryPoint-normal-arm64.txt -Xlinker -sectcreate -Xlinker __TEXT -Xlinker __debug_instlnm -Xlinker /Users/jeffrey/Library/Developer/Xcode/DerivedData/TranslateHelper-foexynibdglzahdojodgkhgvczhy/Build/Intermediates.noindex/TranslateHelper.build/Debug-iphoneos/TranslateHelperKeyboard.build/TranslateHelperKeyboard-DebugDylibInstallName-normal-arm64.txt -Xlinker -filelist -Xlinker /Users/jeffrey/Library/Developer/Xcode/DerivedData/TranslateHelper-foexynibdglzahdojodgkhgvczhy/Build/Intermediates.noindex/TranslateHelper.build/Debug-iphoneos/TranslateHelperKeyboard.build/TranslateHelperKeyboard-ExecutorLinkFileList-normal-arm64.txt /Users/jeffrey/Library/Developer/Xcode/DerivedData/TranslateHelper-foexynibdglzahdojodgkhgvczhy/Build/Products/Debug-iphoneos/TranslateHelperKeyboard.appex/TranslateHelperKeyboard.debug.dylib -Xlinker -no_adhoc_codesign -o /Users/jeffrey/Library/Developer/Xcode/DerivedData/TranslateHelper-foexynibdglzahdojodgkhgvczhy/Build/Products/Debug-iphoneos/TranslateHelperKeyboard.appex/TranslateHelperKeyboard

ExtractAppIntentsMetadata (in target 'TranslateHelperKeyboard' from project 'TranslateHelper')
    cd /Users/jeffrey/Desktop/TranslateHelper
    /Applications/Xcode.app/Contents/Developer/Toolchains/XcodeDefault.xctoolchain/usr/bin/appintentsmetadataprocessor --toolchain-dir /Applications/Xcode.app/Contents/Developer/Toolchains/XcodeDefault.xctoolchain --module-name TranslateHelperKeyboard --sdk-root /Applications/Xcode.app/Contents/Developer/Platforms/iPhoneOS.platform/Developer/SDKs/iPhoneOS26.2.sdk --xcode-version 17C529 --platform-family iOS --deployment-target 26.2 --bundle-identifier com.jeffrey.TranslateHelper.Keyboard --output /Users/jeffrey/Library/Developer/Xcode/DerivedData/TranslateHelper-foexynibdglzahdojodgkhgvczhy/Build/Products/Debug-iphoneos/TranslateHelperKeyboard.appex --target-triple arm64-apple-ios26.2 --binary-file /Users/jeffrey/Library/Developer/Xcode/DerivedData/TranslateHelper-foexynibdglzahdojodgkhgvczhy/Build/Products/Debug-iphoneos/TranslateHelperKeyboard.appex/TranslateHelperKeyboard --dependency-file /Users/jeffrey/Library/Developer/Xcode/DerivedData/TranslateHelper-foexynibdglzahdojodgkhgvczhy/Build/Intermediates.noindex/TranslateHelper.build/Debug-iphoneos/TranslateHelperKeyboard.build/Objects-normal/arm64/TranslateHelperKeyboard_dependency_info.dat --stringsdata-file /Users/jeffrey/Library/Developer/Xcode/DerivedData/TranslateHelper-foexynibdglzahdojodgkhgvczhy/Build/Intermediates.noindex/TranslateHelper.build/Debug-iphoneos/TranslateHelperKeyboard.build/Objects-normal/arm64/ExtractedAppShortcutsMetadata.stringsdata --source-file-list /Users/jeffrey/Library/Developer/Xcode/DerivedData/TranslateHelper-foexynibdglzahdojodgkhgvczhy/Build/Intermediates.noindex/TranslateHelper.build/Debug-iphoneos/TranslateHelperKeyboard.build/Objects-normal/arm64/TranslateHelperKeyboard.SwiftFileList --metadata-file-list /Users/jeffrey/Library/Developer/Xcode/DerivedData/TranslateHelper-foexynibdglzahdojodgkhgvczhy/Build/Intermediates.noindex/TranslateHelper.build/Debug-iphoneos/TranslateHelperKeyboard.build/TranslateHelperKeyboard.DependencyMetadataFileList --static-metadata-file-list /Users/jeffrey/Library/Developer/Xcode/DerivedData/TranslateHelper-foexynibdglzahdojodgkhgvczhy/Build/Intermediates.noindex/TranslateHelper.build/Debug-iphoneos/TranslateHelperKeyboard.build/TranslateHelperKeyboard.DependencyStaticMetadataFileList --swift-const-vals-list /Users/jeffrey/Library/Developer/Xcode/DerivedData/TranslateHelper-foexynibdglzahdojodgkhgvczhy/Build/Intermediates.noindex/TranslateHelper.build/Debug-iphoneos/TranslateHelperKeyboard.build/Objects-normal/arm64/TranslateHelperKeyboard.SwiftConstValuesFileList --compile-time-extraction --deployment-aware-processing --validate-assistant-intents --no-app-shortcuts-localization
2026-03-02 09:07:35.541 appintentsmetadataprocessor[61639:6734124] Starting appintentsmetadataprocessor export
2026-03-02 09:07:35.542 appintentsmetadataprocessor[61639:6734124] warning: Metadata extraction skipped. No AppIntents.framework dependency found.

CodeSign /Users/jeffrey/Library/Developer/Xcode/DerivedData/TranslateHelper-foexynibdglzahdojodgkhgvczhy/Build/Products/Debug-iphoneos/TranslateHelperKeyboard.appex/TranslateHelperKeyboard.debug.dylib (in target 'TranslateHelperKeyboard' from project 'TranslateHelper')
    cd /Users/jeffrey/Desktop/TranslateHelper
    
    Signing Identity:     "Apple Development: whereisjeffrey@gmail.com (GQGP443NDT)"
    Provisioning Profile: "iOS Team Provisioning Profile: com.jeffrey.TranslateHelper.Keyboard"
                          (306489b4-3bf3-4f2c-b4a6-5c87525c3768)
    
    /usr/bin/codesign --force --sign 9277249215AA67404F1808E8A52A9AE93BF40654 --timestamp\=none --generate-entitlement-der /Users/jeffrey/Library/Developer/Xcode/DerivedData/TranslateHelper-foexynibdglzahdojodgkhgvczhy/Build/Products/Debug-iphoneos/TranslateHelperKeyboard.appex/TranslateHelperKeyboard.debug.dylib

CodeSign /Users/jeffrey/Library/Developer/Xcode/DerivedData/TranslateHelper-foexynibdglzahdojodgkhgvczhy/Build/Products/Debug-iphoneos/TranslateHelperKeyboard.appex/__preview.dylib (in target 'TranslateHelperKeyboard' from project 'TranslateHelper')
    cd /Users/jeffrey/Desktop/TranslateHelper
    
    Signing Identity:     "Apple Development: whereisjeffrey@gmail.com (GQGP443NDT)"
    Provisioning Profile: "iOS Team Provisioning Profile: com.jeffrey.TranslateHelper.Keyboard"
                          (306489b4-3bf3-4f2c-b4a6-5c87525c3768)
    
    /usr/bin/codesign --force --sign 9277249215AA67404F1808E8A52A9AE93BF40654 --timestamp\=none --generate-entitlement-der /Users/jeffrey/Library/Developer/Xcode/DerivedData/TranslateHelper-foexynibdglzahdojodgkhgvczhy/Build/Products/Debug-iphoneos/TranslateHelperKeyboard.appex/__preview.dylib
/Users/jeffrey/Library/Developer/Xcode/DerivedData/TranslateHelper-foexynibdglzahdojodgkhgvczhy/Build/Products/Debug-iphoneos/TranslateHelperKeyboard.appex/__preview.dylib: replacing existing signature

CodeSign /Users/jeffrey/Library/Developer/Xcode/DerivedData/TranslateHelper-foexynibdglzahdojodgkhgvczhy/Build/Products/Debug-iphoneos/TranslateHelperKeyboard.appex (in target 'TranslateHelperKeyboard' from project 'TranslateHelper')
    cd /Users/jeffrey/Desktop/TranslateHelper
    
    Signing Identity:     "Apple Development: whereisjeffrey@gmail.com (GQGP443NDT)"
    Provisioning Profile: "iOS Team Provisioning Profile: com.jeffrey.TranslateHelper.Keyboard"
                          (306489b4-3bf3-4f2c-b4a6-5c87525c3768)
    
    /usr/bin/codesign --force --sign 9277249215AA67404F1808E8A52A9AE93BF40654 --entitlements /Users/jeffrey/Library/Developer/Xcode/DerivedData/TranslateHelper-foexynibdglzahdojodgkhgvczhy/Build/Intermediates.noindex/TranslateHelper.build/Debug-iphoneos/TranslateHelperKeyboard.build/TranslateHelperKeyboard.appex.xcent --timestamp\=none --generate-entitlement-der /Users/jeffrey/Library/Developer/Xcode/DerivedData/TranslateHelper-foexynibdglzahdojodgkhgvczhy/Build/Products/Debug-iphoneos/TranslateHelperKeyboard.appex

warning: Skipping duplicate build file in Copy Bundle Resources build phase: /Users/jeffrey/Desktop/TranslateHelper/TranslateHelper/Base.lproj/LaunchScreen.storyboard (in target 'TranslateHelper' from project 'TranslateHelper')
warning: Skipping duplicate build file in Copy Bundle Resources build phase: /Users/jeffrey/Desktop/TranslateHelper/TranslateHelper/Base.lproj/Main.storyboard (in target 'TranslateHelper' from project 'TranslateHelper')
warning: Skipping duplicate build file in Copy Bundle Resources build phase: /Users/jeffrey/Desktop/TranslateHelper/TranslateHelper/GoogleService-Info.plist (in target 'TranslateHelper' from project 'TranslateHelper')
warning: Skipping duplicate build file in Copy Bundle Resources build phase: /Users/jeffrey/Desktop/TranslateHelper/TranslateHelper/GoogleService-Info.plist (in target 'TranslateHelper' from project 'TranslateHelper')
warning: Skipping duplicate build file in Copy Bundle Resources build phase: /Users/jeffrey/Desktop/TranslateHelper/TranslateHelper/Base.lproj/LaunchScreen.storyboard (in target 'TranslateHelper' from project 'TranslateHelper')
warning: Skipping duplicate build file in Copy Bundle Resources build phase: /Users/jeffrey/Desktop/TranslateHelper/TranslateHelper/Base.lproj/Main.storyboard (in target 'TranslateHelper' from project 'TranslateHelper')
warning: Skipping duplicate build file in Copy Bundle Resources build phase: /Users/jeffrey/Desktop/TranslateHelper/TranslateHelper/Base.lproj/LaunchScreen.storyboard (in target 'TranslateHelper' from project 'TranslateHelper')
warning: Skipping duplicate build file in Copy Bundle Resources build phase: /Users/jeffrey/Desktop/TranslateHelper/TranslateHelper/Base.lproj/Main.storyboard (in target 'TranslateHelper' from project 'TranslateHelper')
warning: Skipping duplicate build file in Copy Bundle Resources build phase: /Users/jeffrey/Desktop/TranslateHelper/TranslateHelper/GoogleService-Info.plist (in target 'TranslateHelper' from project 'TranslateHelper')
warning: Skipping duplicate build file in Copy Bundle Resources build phase: /Users/jeffrey/Desktop/TranslateHelper/TranslateHelper/Base.lproj/LaunchScreen.storyboard (in target 'TranslateHelper' from project 'TranslateHelper')
warning: Skipping duplicate build file in Copy Bundle Resources build phase: /Users/jeffrey/Desktop/TranslateHelper/TranslateHelper/Base.lproj/Main.storyboard (in target 'TranslateHelper' from project 'TranslateHelper')
warning: Skipping duplicate build file in Copy Bundle Resources build phase: /Users/jeffrey/Desktop/TranslateHelper/TranslateHelper/GoogleService-Info.plist (in target 'TranslateHelper' from project 'TranslateHelper')
warning: Skipping duplicate build file in Copy Bundle Resources build phase: /Users/jeffrey/Desktop/TranslateHelper/TranslateHelper/Base.lproj/Main.storyboard (in target 'TranslateHelper' from project 'TranslateHelper')
warning: Skipping duplicate build file in Copy Bundle Resources build phase: /Users/jeffrey/Desktop/TranslateHelper/TranslateHelper/Base.lproj/LaunchScreen.storyboard (in target 'TranslateHelper' from project 'TranslateHelper')
warning: Skipping duplicate build file in Copy Bundle Resources build phase: /Users/jeffrey/Desktop/TranslateHelper/TranslateHelper/GoogleService-Info.plist (in target 'TranslateHelper' from project 'TranslateHelper')
warning: Skipping duplicate build file in Copy Bundle Resources build phase: /Users/jeffrey/Desktop/TranslateHelper/TranslateHelper/GoogleService-Info.plist (in target 'TranslateHelper' from project 'TranslateHelper')
warning: Skipping duplicate build file in Copy Bundle Resources build phase: /Users/jeffrey/Desktop/TranslateHelper/TranslateHelper/Base.lproj/LaunchScreen.storyboard (in target 'TranslateHelper' from project 'TranslateHelper')
warning: Skipping duplicate build file in Copy Bundle Resources build phase: /Users/jeffrey/Desktop/TranslateHelper/TranslateHelper/Base.lproj/Main.storyboard (in target 'TranslateHelper' from project 'TranslateHelper')
warning: Skipping duplicate build file in Compile Sources build phase: /Users/jeffrey/Desktop/TranslateHelper/TranslateHelper/Assets.xcassets (in target 'TranslateHelper' from project 'TranslateHelper')
warning: Skipping duplicate build file in Compile Sources build phase: /Users/jeffrey/Desktop/TranslateHelper/TranslateHelper/Assets.xcassets (in target 'TranslateHelper' from project 'TranslateHelper')
warning: Skipping duplicate build file in Compile Sources build phase: /Users/jeffrey/Desktop/TranslateHelper/TranslateHelper/Assets.xcassets (in target 'TranslateHelper' from project 'TranslateHelper')
warning: Skipping duplicate build file in Compile Sources build phase: /Users/jeffrey/Desktop/TranslateHelper/TranslateHelper/Assets.xcassets (in target 'TranslateHelper' from project 'TranslateHelper')
warning: Skipping duplicate build file in Compile Sources build phase: /Users/jeffrey/Desktop/TranslateHelper/TranslateHelper/Assets.xcassets (in target 'TranslateHelper' from project 'TranslateHelper')
warning: Skipping duplicate build file in Compile Sources build phase: /Users/jeffrey/Desktop/TranslateHelper/TranslateHelper/Assets.xcassets (in target 'TranslateHelper' from project 'TranslateHelper')
warning: Skipping duplicate build file in Compile Sources build phase: /Users/jeffrey/Desktop/TranslateHelper/TranslateHelper/CreateAccountView.swift (in target 'TranslateHelper' from project 'TranslateHelper')
warning: Skipping duplicate build file in Compile Sources build phase: /Users/jeffrey/Desktop/TranslateHelper/TranslateHelper/RootView.swift (in target 'TranslateHelper' from project 'TranslateHelper')
warning: Skipping duplicate build file in Compile Sources build phase: /Users/jeffrey/Desktop/TranslateHelper/TranslateHelper/AppDelegate.swift (in target 'TranslateHelper' from project 'TranslateHelper')
warning: Skipping duplicate build file in Compile Sources build phase: /Users/jeffrey/Desktop/TranslateHelper/TranslateHelper/DesignSystem.swift (in target 'TranslateHelper' from project 'TranslateHelper')
warning: Skipping duplicate build file in Compile Sources build phase: /Users/jeffrey/Desktop/TranslateHelper/TranslateHelper/ForgotPasswordView.swift (in target 'TranslateHelper' from project 'TranslateHelper')
warning: Skipping duplicate build file in Compile Sources build phase: /Users/jeffrey/Desktop/TranslateHelper/TranslateHelper/ViewController.swift (in target 'TranslateHelper' from project 'TranslateHelper')
warning: Skipping duplicate build file in Compile Sources build phase: /Users/jeffrey/Desktop/TranslateHelper/TranslateHelper/DictateViewController.swift (in target 'TranslateHelper' from project 'TranslateHelper')
warning: Skipping duplicate build file in Compile Sources build phase: /Users/jeffrey/Desktop/TranslateHelper/TranslateHelper/SignInView.swift (in target 'TranslateHelper' from project 'TranslateHelper')
warning: Skipping duplicate build file in Compile Sources build phase: /Users/jeffrey/Desktop/TranslateHelper/TranslateHelper/SceneDelegate.swift (in target 'TranslateHelper' from project 'TranslateHelper')
warning: Skipping duplicate build file in Compile Sources build phase: /Users/jeffrey/Desktop/TranslateHelper/TranslateHelper/AuthManager.swift (in target 'TranslateHelper' from project 'TranslateHelper')
warning: Skipping duplicate build file in Compile Sources build phase: /Users/jeffrey/Desktop/TranslateHelper/TranslateHelper/DictateViewController.swift (in target 'TranslateHelper' from project 'TranslateHelper')
warning: Skipping duplicate build file in Compile Sources build phase: /Users/jeffrey/Desktop/TranslateHelper/TranslateHelper/ForgotPasswordView.swift (in target 'TranslateHelper' from project 'TranslateHelper')
warning: Skipping duplicate build file in Compile Sources build phase: /Users/jeffrey/Desktop/TranslateHelper/TranslateHelper/RootView.swift (in target 'TranslateHelper' from project 'TranslateHelper')
warning: Skipping duplicate build file in Compile Sources build phase: /Users/jeffrey/Desktop/TranslateHelper/TranslateHelper/DesignSystem.swift (in target 'TranslateHelper' from project 'TranslateHelper')
warning: Skipping duplicate build file in Compile Sources build phase: /Users/jeffrey/Desktop/TranslateHelper/TranslateHelper/AppDelegate.swift (in target 'TranslateHelper' from project 'TranslateHelper')
warning: Skipping duplicate build file in Compile Sources build phase: /Users/jeffrey/Desktop/TranslateHelper/TranslateHelper/AuthManager.swift (in target 'TranslateHelper' from project 'TranslateHelper')
warning: Skipping duplicate build file in Compile Sources build phase: /Users/jeffrey/Desktop/TranslateHelper/TranslateHelper/SignInView.swift (in target 'TranslateHelper' from project 'TranslateHelper')
warning: Skipping duplicate build file in Compile Sources build phase: /Users/jeffrey/Desktop/TranslateHelper/TranslateHelper/ViewController.swift (in target 'TranslateHelper' from project 'TranslateHelper')
warning: Skipping duplicate build file in Compile Sources build phase: /Users/jeffrey/Desktop/TranslateHelper/TranslateHelper/SceneDelegate.swift (in target 'TranslateHelper' from project 'TranslateHelper')
warning: Skipping duplicate build file in Compile Sources build phase: /Users/jeffrey/Desktop/TranslateHelper/TranslateHelper/CreateAccountView.swift (in target 'TranslateHelper' from project 'TranslateHelper')
warning: Skipping duplicate build file in Compile Sources build phase: /Users/jeffrey/Desktop/TranslateHelper/TranslateHelper/DictateViewController.swift (in target 'TranslateHelper' from project 'TranslateHelper')
warning: Skipping duplicate build file in Compile Sources build phase: /Users/jeffrey/Desktop/TranslateHelper/TranslateHelper/AppDelegate.swift (in target 'TranslateHelper' from project 'TranslateHelper')
warning: Skipping duplicate build file in Compile Sources build phase: /Users/jeffrey/Desktop/TranslateHelper/TranslateHelper/AuthManager.swift (in target 'TranslateHelper' from project 'TranslateHelper')
warning: Skipping duplicate build file in Compile Sources build phase: /Users/jeffrey/Desktop/TranslateHelper/TranslateHelper/CreateAccountView.swift (in target 'TranslateHelper' from project 'TranslateHelper')
warning: Skipping duplicate build file in Compile Sources build phase: /Users/jeffrey/Desktop/TranslateHelper/TranslateHelper/DesignSystem.swift (in target 'TranslateHelper' from project 'TranslateHelper')
warning: Skipping duplicate build file in Compile Sources build phase: /Users/jeffrey/Desktop/TranslateHelper/TranslateHelper/DictateViewController.swift (in target 'TranslateHelper' from project 'TranslateHelper')
warning: Skipping duplicate build file in Compile Sources build phase: /Users/jeffrey/Desktop/TranslateHelper/TranslateHelper/ForgotPasswordView.swift (in target 'TranslateHelper' from project 'TranslateHelper')
warning: Skipping duplicate build file in Compile Sources build phase: /Users/jeffrey/Desktop/TranslateHelper/TranslateHelper/RootView.swift (in target 'TranslateHelper' from project 'TranslateHelper')
warning: Skipping duplicate build file in Compile Sources build phase: /Users/jeffrey/Desktop/TranslateHelper/TranslateHelper/SceneDelegate.swift (in target 'TranslateHelper' from project 'TranslateHelper')
warning: Skipping duplicate build file in Compile Sources build phase: /Users/jeffrey/Desktop/TranslateHelper/TranslateHelper/SignInView.swift (in target 'TranslateHelper' from project 'TranslateHelper')
warning: Skipping duplicate build file in Compile Sources build phase: /Users/jeffrey/Desktop/TranslateHelper/TranslateHelper/ViewController.swift (in target 'TranslateHelper' from project 'TranslateHelper')
warning: Skipping duplicate build file in Compile Sources build phase: /Users/jeffrey/Desktop/TranslateHelper/TranslateHelper/SceneDelegate.swift (in target 'TranslateHelper' from project 'TranslateHelper')
warning: Skipping duplicate build file in Compile Sources build phase: /Users/jeffrey/Desktop/TranslateHelper/TranslateHelper/ViewController.swift (in target 'TranslateHelper' from project 'TranslateHelper')
warning: Skipping duplicate build file in Compile Sources build phase: /Users/jeffrey/Desktop/TranslateHelper/TranslateHelper/SignInView.swift (in target 'TranslateHelper' from project 'TranslateHelper')
warning: Skipping duplicate build file in Compile Sources build phase: /Users/jeffrey/Desktop/TranslateHelper/TranslateHelper/SceneDelegate.swift (in target 'TranslateHelper' from project 'TranslateHelper')
warning: Skipping duplicate build file in Compile Sources build phase: /Users/jeffrey/Desktop/TranslateHelper/TranslateHelper/ForgotPasswordView.swift (in target 'TranslateHelper' from project 'TranslateHelper')
warning: Skipping duplicate build file in Compile Sources build phase: /Users/jeffrey/Desktop/TranslateHelper/TranslateHelper/AppDelegate.swift (in target 'TranslateHelper' from project 'TranslateHelper')
warning: Skipping duplicate build file in Compile Sources build phase: /Users/jeffrey/Desktop/TranslateHelper/TranslateHelper/DictateViewController.swift (in target 'TranslateHelper' from project 'TranslateHelper')
warning: Skipping duplicate build file in Compile Sources build phase: /Users/jeffrey/Desktop/TranslateHelper/TranslateHelper/CreateAccountView.swift (in target 'TranslateHelper' from project 'TranslateHelper')
warning: Skipping duplicate build file in Compile Sources build phase: /Users/jeffrey/Desktop/TranslateHelper/TranslateHelper/RootView.swift (in target 'TranslateHelper' from project 'TranslateHelper')
warning: Skipping duplicate build file in Compile Sources build phase: /Users/jeffrey/Desktop/TranslateHelper/TranslateHelper/AuthManager.swift (in target 'TranslateHelper' from project 'TranslateHelper')
warning: Skipping duplicate build file in Compile Sources build phase: /Users/jeffrey/Desktop/TranslateHelper/TranslateHelper/ViewController.swift (in target 'TranslateHelper' from project 'TranslateHelper')
warning: Skipping duplicate build file in Compile Sources build phase: /Users/jeffrey/Desktop/TranslateHelper/TranslateHelper/DesignSystem.swift (in target 'TranslateHelper' from project 'TranslateHelper')
warning: Skipping duplicate build file in Compile Sources build phase: /Users/jeffrey/Desktop/TranslateHelper/TranslateHelper/DesignSystem.swift (in target 'TranslateHelper' from project 'TranslateHelper')
warning: Skipping duplicate build file in Compile Sources build phase: /Users/jeffrey/Desktop/TranslateHelper/TranslateHelper/ForgotPasswordView.swift (in target 'TranslateHelper' from project 'TranslateHelper')
warning: Skipping duplicate build file in Compile Sources build phase: /Users/jeffrey/Desktop/TranslateHelper/TranslateHelper/SignInView.swift (in target 'TranslateHelper' from project 'TranslateHelper')
warning: Skipping duplicate build file in Compile Sources build phase: /Users/jeffrey/Desktop/TranslateHelper/TranslateHelper/AppDelegate.swift (in target 'TranslateHelper' from project 'TranslateHelper')
warning: Skipping duplicate build file in Compile Sources build phase: /Users/jeffrey/Desktop/TranslateHelper/TranslateHelper/RootView.swift (in target 'TranslateHelper' from project 'TranslateHelper')
warning: Skipping duplicate build file in Compile Sources build phase: /Users/jeffrey/Desktop/TranslateHelper/TranslateHelper/AuthManager.swift (in target 'TranslateHelper' from project 'TranslateHelper')
warning: Skipping duplicate build file in Compile Sources build phase: /Users/jeffrey/Desktop/TranslateHelper/TranslateHelper/CreateAccountView.swift (in target 'TranslateHelper' from project 'TranslateHelper')
warning: Skipping duplicate build file in Compile Sources build phase: /Users/jeffrey/Desktop/TranslateHelper/TranslateHelper/DesignSystem.swift (in target 'TranslateHelper' from project 'TranslateHelper')
warning: Skipping duplicate build file in Compile Sources build phase: /Users/jeffrey/Desktop/TranslateHelper/TranslateHelper/SignInView.swift (in target 'TranslateHelper' from project 'TranslateHelper')
warning: Skipping duplicate build file in Compile Sources build phase: /Users/jeffrey/Desktop/TranslateHelper/TranslateHelper/AppDelegate.swift (in target 'TranslateHelper' from project 'TranslateHelper')
warning: Skipping duplicate build file in Compile Sources build phase: /Users/jeffrey/Desktop/TranslateHelper/TranslateHelper/ViewController.swift (in target 'TranslateHelper' from project 'TranslateHelper')
warning: Skipping duplicate build file in Compile Sources build phase: /Users/jeffrey/Desktop/TranslateHelper/TranslateHelper/AuthManager.swift (in target 'TranslateHelper' from project 'TranslateHelper')
warning: Skipping duplicate build file in Compile Sources build phase: /Users/jeffrey/Desktop/TranslateHelper/TranslateHelper/ForgotPasswordView.swift (in target 'TranslateHelper' from project 'TranslateHelper')
warning: Skipping duplicate build file in Compile Sources build phase: /Users/jeffrey/Desktop/TranslateHelper/TranslateHelper/DictateViewController.swift (in target 'TranslateHelper' from project 'TranslateHelper')
warning: Skipping duplicate build file in Compile Sources build phase: /Users/jeffrey/Desktop/TranslateHelper/TranslateHelper/CreateAccountView.swift (in target 'TranslateHelper' from project 'TranslateHelper')
warning: Skipping duplicate build file in Compile Sources build phase: /Users/jeffrey/Desktop/TranslateHelper/TranslateHelper/RootView.swift (in target 'TranslateHelper' from project 'TranslateHelper')
warning: Skipping duplicate build file in Compile Sources build phase: /Users/jeffrey/Desktop/TranslateHelper/TranslateHelper/SceneDelegate.swift (in target 'TranslateHelper' from project 'TranslateHelper')
warning: Skipping duplicate build file in Compile Sources build phase: /Users/jeffrey/Desktop/TranslateHelper/TranslateHelper/SettingsView.swift (in target 'TranslateHelper' from project 'TranslateHelper')
Copy /Users/jeffrey/Library/Developer/Xcode/DerivedData/TranslateHelper-foexynibdglzahdojodgkhgvczhy/Build/Products/Debug-iphoneos/TranslateHelper.app/PlugIns/TranslateHelperKeyboard.appex /Users/jeffrey/Library/Developer/Xcode/DerivedData/TranslateHelper-foexynibdglzahdojodgkhgvczhy/Build/Products/Debug-iphoneos/TranslateHelperKeyboard.appex (in target 'TranslateHelper' from project 'TranslateHelper')
    cd /Users/jeffrey/Desktop/TranslateHelper
    builtin-copy -exclude .DS_Store -exclude CVS -exclude .svn -exclude .git -exclude .hg -exclude Headers -exclude PrivateHeaders -exclude Modules -exclude \*.tbd -resolve-src-symlinks -remove-static-executable /Users/jeffrey/Library/Developer/Xcode/DerivedData/TranslateHelper-foexynibdglzahdojodgkhgvczhy/Build/Products/Debug-iphoneos/TranslateHelperKeyboard.appex /Users/jeffrey/Library/Developer/Xcode/DerivedData/TranslateHelper-foexynibdglzahdojodgkhgvczhy/Build/Products/Debug-iphoneos/TranslateHelper.app/PlugIns

ProcessInfoPlistFile /Users/jeffrey/Library/Developer/Xcode/DerivedData/TranslateHelper-foexynibdglzahdojodgkhgvczhy/Build/Products/Debug-iphoneos/TranslateHelper.app/Info.plist /Users/jeffrey/Desktop/TranslateHelper/TranslateHelper/Info.plist (in target 'TranslateHelper' from project 'TranslateHelper')
    cd /Users/jeffrey/Desktop/TranslateHelper
    builtin-infoPlistUtility /Users/jeffrey/Desktop/TranslateHelper/TranslateHelper/Info.plist -producttype com.apple.product-type.application -genpkginfo /Users/jeffrey/Library/Developer/Xcode/DerivedData/TranslateHelper-foexynibdglzahdojodgkhgvczhy/Build/Products/Debug-iphoneos/TranslateHelper.app/PkgInfo -expandbuildsettings -format binary -platform iphoneos -additionalcontentfile /Users/jeffrey/Library/Developer/Xcode/DerivedData/TranslateHelper-foexynibdglzahdojodgkhgvczhy/Build/Intermediates.noindex/TranslateHelper.build/Debug-iphoneos/TranslateHelper.build/Base.lproj/LaunchScreen-SBPartialInfo.plist -additionalcontentfile /Users/jeffrey/Library/Developer/Xcode/DerivedData/TranslateHelper-foexynibdglzahdojodgkhgvczhy/Build/Intermediates.noindex/TranslateHelper.build/Debug-iphoneos/TranslateHelper.build/Base.lproj/Main-SBPartialInfo.plist -additionalcontentfile /Users/jeffrey/Library/Developer/Xcode/DerivedData/TranslateHelper-foexynibdglzahdojodgkhgvczhy/Build/Intermediates.noindex/TranslateHelper.build/Debug-iphoneos/TranslateHelper.build/assetcatalog_generated_info.plist -scanforprivacyfile /Users/jeffrey/Library/Developer/Xcode/DerivedData/TranslateHelper-foexynibdglzahdojodgkhgvczhy/Build/Products/Debug-iphoneos/TranslateHelper.app/AppAuth_AppAuth.bundle -scanforprivacyfile /Users/jeffrey/Library/Developer/Xcode/DerivedData/TranslateHelper-foexynibdglzahdojodgkhgvczhy/Build/Products/Debug-iphoneos/TranslateHelper.app/AppAuth_AppAuthCore.bundle -scanforprivacyfile /Users/jeffrey/Library/Developer/Xcode/DerivedData/TranslateHelper-foexynibdglzahdojodgkhgvczhy/Build/Products/Debug-iphoneos/TranslateHelper.app/Firebase_FirebaseAuth.bundle -scanforprivacyfile /Users/jeffrey/Library/Developer/Xcode/DerivedData/TranslateHelper-foexynibdglzahdojodgkhgvczhy/Build/Products/Debug-iphoneos/TranslateHelper.app/Firebase_FirebaseCore.bundle -scanforprivacyfile /Users/jeffrey/Library/Developer/Xcode/DerivedData/TranslateHelper-foexynibdglzahdojodgkhgvczhy/Build/Products/Debug-iphoneos/TranslateHelper.app/Firebase_FirebaseCoreExtension.bundle -scanforprivacyfile /Users/jeffrey/Library/Developer/Xcode/DerivedData/TranslateHelper-foexynibdglzahdojodgkhgvczhy/Build/Products/Debug-iphoneos/TranslateHelper.app/Firebase_FirebaseCoreInternal.bundle -scanforprivacyfile /Users/jeffrey/Library/Developer/Xcode/DerivedData/TranslateHelper-foexynibdglzahdojodgkhgvczhy/Build/Products/Debug-iphoneos/TranslateHelper.app/Firebase_FirebaseFirestore.bundle -scanforprivacyfile /Users/jeffrey/Library/Developer/Xcode/DerivedData/TranslateHelper-foexynibdglzahdojodgkhgvczhy/Build/Products/Debug-iphoneos/TranslateHelper.app/Frameworks/FirebaseFirestoreInternal.framework -scanforprivacyfile /Users/jeffrey/Library/Developer/Xcode/DerivedData/TranslateHelper-foexynibdglzahdojodgkhgvczhy/Build/Products/Debug-iphoneos/TranslateHelper.app/Frameworks/absl.framework -scanforprivacyfile /Users/jeffrey/Library/Developer/Xcode/DerivedData/TranslateHelper-foexynibdglzahdojodgkhgvczhy/Build/Products/Debug-iphoneos/TranslateHelper.app/Frameworks/grpc.framework -scanforprivacyfile /Users/jeffrey/Library/Developer/Xcode/DerivedData/TranslateHelper-foexynibdglzahdojodgkhgvczhy/Build/Products/Debug-iphoneos/TranslateHelper.app/Frameworks/grpcpp.framework -scanforprivacyfile /Users/jeffrey/Library/Developer/Xcode/DerivedData/TranslateHelper-foexynibdglzahdojodgkhgvczhy/Build/Products/Debug-iphoneos/TranslateHelper.app/Frameworks/openssl_grpc.framework -scanforprivacyfile /Users/jeffrey/Library/Developer/Xcode/DerivedData/TranslateHelper-foexynibdglzahdojodgkhgvczhy/Build/Products/Debug-iphoneos/TranslateHelper.app/GTMAppAuth_GTMAppAuth.bundle -scanforprivacyfile /Users/jeffrey/Library/Developer/Xcode/DerivedData/TranslateHelper-foexynibdglzahdojodgkhgvczhy/Build/Products/Debug-iphoneos/TranslateHelper.app/GTMSessionFetcher_GTMSessionFetcherCore.bundle -scanforprivacyfile /Users/jeffrey/Library/Developer/Xcode/DerivedData/TranslateHelper-foexynibdglzahdojodgkhgvczhy/Build/Products/Debug-iphoneos/TranslateHelper.app/GoogleSignIn_GoogleSignIn.bundle -scanforprivacyfile /Users/jeffrey/Library/Developer/Xcode/DerivedData/TranslateHelper-foexynibdglzahdojodgkhgvczhy/Build/Products/Debug-iphoneos/TranslateHelper.app/GoogleUtilities_GoogleUtilities-AppDelegateSwizzler.bundle -scanforprivacyfile /Users/jeffrey/Library/Developer/Xcode/DerivedData/TranslateHelper-foexynibdglzahdojodgkhgvczhy/Build/Products/Debug-iphoneos/TranslateHelper.app/GoogleUtilities_GoogleUtilities-Environment.bundle -scanforprivacyfile /Users/jeffrey/Library/Developer/Xcode/DerivedData/TranslateHelper-foexynibdglzahdojodgkhgvczhy/Build/Products/Debug-iphoneos/TranslateHelper.app/GoogleUtilities_GoogleUtilities-Logger.bundle -scanforprivacyfile /Users/jeffrey/Library/Developer/Xcode/DerivedData/TranslateHelper-foexynibdglzahdojodgkhgvczhy/Build/Products/Debug-iphoneos/TranslateHelper.app/GoogleUtilities_GoogleUtilities-NSData.bundle -scanforprivacyfile /Users/jeffrey/Library/Developer/Xcode/DerivedData/TranslateHelper-foexynibdglzahdojodgkhgvczhy/Build/Products/Debug-iphoneos/TranslateHelper.app/GoogleUtilities_GoogleUtilities-Network.bundle -scanforprivacyfile /Users/jeffrey/Library/Developer/Xcode/DerivedData/TranslateHelper-foexynibdglzahdojodgkhgvczhy/Build/Products/Debug-iphoneos/TranslateHelper.app/GoogleUtilities_GoogleUtilities-Reachability.bundle -scanforprivacyfile /Users/jeffrey/Library/Developer/Xcode/DerivedData/TranslateHelper-foexynibdglzahdojodgkhgvczhy/Build/Products/Debug-iphoneos/TranslateHelper.app/GoogleUtilities_GoogleUtilities-UserDefaults.bundle -scanforprivacyfile /Users/jeffrey/Library/Developer/Xcode/DerivedData/TranslateHelper-foexynibdglzahdojodgkhgvczhy/Build/Products/Debug-iphoneos/TranslateHelper.app/PlugIns/TranslateHelperKeyboard.appex -scanforprivacyfile /Users/jeffrey/Library/Developer/Xcode/DerivedData/TranslateHelper-foexynibdglzahdojodgkhgvczhy/Build/Products/Debug-iphoneos/TranslateHelper.app/Promises_FBLPromises.bundle -scanforprivacyfile /Users/jeffrey/Library/Developer/Xcode/DerivedData/TranslateHelper-foexynibdglzahdojodgkhgvczhy/Build/Products/Debug-iphoneos/TranslateHelper.app/abseil_abslWrapper.bundle -scanforprivacyfile /Users/jeffrey/Library/Developer/Xcode/DerivedData/TranslateHelper-foexynibdglzahdojodgkhgvczhy/Build/Products/Debug-iphoneos/TranslateHelper.app/gRPC_grpcWrapper.bundle -scanforprivacyfile /Users/jeffrey/Library/Developer/Xcode/DerivedData/TranslateHelper-foexynibdglzahdojodgkhgvczhy/Build/Products/Debug-iphoneos/TranslateHelper.app/gRPC_grpcppWrapper.bundle -scanforprivacyfile /Users/jeffrey/Library/Developer/Xcode/DerivedData/TranslateHelper-foexynibdglzahdojodgkhgvczhy/Build/Products/Debug-iphoneos/TranslateHelper.app/gRPC_opensslWrapper.bundle -scanforprivacyfile /Users/jeffrey/Library/Developer/Xcode/DerivedData/TranslateHelper-foexynibdglzahdojodgkhgvczhy/Build/Products/Debug-iphoneos/TranslateHelper.app/leveldb_leveldb.bundle -scanforprivacyfile /Users/jeffrey/Library/Developer/Xcode/DerivedData/TranslateHelper-foexynibdglzahdojodgkhgvczhy/Build/Products/Debug-iphoneos/TranslateHelper.app/nanopb_nanopb.bundle -requiredArchitecture arm64 -o /Users/jeffrey/Library/Developer/Xcode/DerivedData/TranslateHelper-foexynibdglzahdojodgkhgvczhy/Build/Products/Debug-iphoneos/TranslateHelper.app/Info.plist

CopySwiftLibs /Users/jeffrey/Library/Developer/Xcode/DerivedData/TranslateHelper-foexynibdglzahdojodgkhgvczhy/Build/Products/Debug-iphoneos/TranslateHelper.app (in target 'TranslateHelper' from project 'TranslateHelper')
    cd /Users/jeffrey/Desktop/TranslateHelper
    builtin-swiftStdLibTool --copy --verbose --sign 9277249215AA67404F1808E8A52A9AE93BF40654 --scan-executable /Users/jeffrey/Library/Developer/Xcode/DerivedData/TranslateHelper-foexynibdglzahdojodgkhgvczhy/Build/Products/Debug-iphoneos/TranslateHelper.app/TranslateHelper.debug.dylib --scan-folder /Users/jeffrey/Library/Developer/Xcode/DerivedData/TranslateHelper-foexynibdglzahdojodgkhgvczhy/Build/Products/Debug-iphoneos/TranslateHelper.app/Frameworks --scan-folder /Users/jeffrey/Library/Developer/Xcode/DerivedData/TranslateHelper-foexynibdglzahdojodgkhgvczhy/Build/Products/Debug-iphoneos/TranslateHelper.app/PlugIns --scan-folder /Users/jeffrey/Library/Developer/Xcode/DerivedData/TranslateHelper-foexynibdglzahdojodgkhgvczhy/Build/Products/Debug-iphoneos/TranslateHelper.app/SystemExtensions --scan-folder /Users/jeffrey/Library/Developer/Xcode/DerivedData/TranslateHelper-foexynibdglzahdojodgkhgvczhy/Build/Products/Debug-iphoneos/TranslateHelper.app/Extensions --platform iphoneos --toolchain /Applications/Xcode.app/Contents/Developer/Toolchains/XcodeDefault.xctoolchain --destination /Users/jeffrey/Library/Developer/Xcode/DerivedData/TranslateHelper-foexynibdglzahdojodgkhgvczhy/Build/Products/Debug-iphoneos/TranslateHelper.app/Frameworks --strip-bitcode --strip-bitcode-tool /Applications/Xcode.app/Contents/Developer/Toolchains/XcodeDefault.xctoolchain/usr/bin/bitcode_strip --emit-dependency-info /Users/jeffrey/Library/Developer/Xcode/DerivedData/TranslateHelper-foexynibdglzahdojodgkhgvczhy/Build/Intermediates.noindex/TranslateHelper.build/Debug-iphoneos/TranslateHelper.build/SwiftStdLibToolInputDependencies.dep --filter-for-swift-os

CodeSign /Users/jeffrey/Library/Developer/Xcode/DerivedData/TranslateHelper-foexynibdglzahdojodgkhgvczhy/Build/Products/Debug-iphoneos/TranslateHelper.app/TranslateHelper.debug.dylib (in target 'TranslateHelper' from project 'TranslateHelper')
    cd /Users/jeffrey/Desktop/TranslateHelper
    
    Signing Identity:     "Apple Development: whereisjeffrey@gmail.com (GQGP443NDT)"
    Provisioning Profile: "iOS Team Provisioning Profile: com.jeffrey.TranslateHelper"
                          (f710cdd4-6329-42a2-a58c-158ae41fa644)
    
    /usr/bin/codesign --force --sign 9277249215AA67404F1808E8A52A9AE93BF40654 --timestamp\=none --generate-entitlement-der /Users/jeffrey/Library/Developer/Xcode/DerivedData/TranslateHelper-foexynibdglzahdojodgkhgvczhy/Build/Products/Debug-iphoneos/TranslateHelper.app/TranslateHelper.debug.dylib
/Users/jeffrey/Library/Developer/Xcode/DerivedData/TranslateHelper-foexynibdglzahdojodgkhgvczhy/Build/Products/Debug-iphoneos/TranslateHelper.app/TranslateHelper.debug.dylib: replacing existing signature

CodeSign /Users/jeffrey/Library/Developer/Xcode/DerivedData/TranslateHelper-foexynibdglzahdojodgkhgvczhy/Build/Products/Debug-iphoneos/TranslateHelper.app/__preview.dylib (in target 'TranslateHelper' from project 'TranslateHelper')
    cd /Users/jeffrey/Desktop/TranslateHelper
    
    Signing Identity:     "Apple Development: whereisjeffrey@gmail.com (GQGP443NDT)"
    Provisioning Profile: "iOS Team Provisioning Profile: com.jeffrey.TranslateHelper"
                          (f710cdd4-6329-42a2-a58c-158ae41fa644)
    
    /usr/bin/codesign --force --sign 9277249215AA67404F1808E8A52A9AE93BF40654 --timestamp\=none --generate-entitlement-der /Users/jeffrey/Library/Developer/Xcode/DerivedData/TranslateHelper-foexynibdglzahdojodgkhgvczhy/Build/Products/Debug-iphoneos/TranslateHelper.app/__preview.dylib
/Users/jeffrey/Library/Developer/Xcode/DerivedData/TranslateHelper-foexynibdglzahdojodgkhgvczhy/Build/Products/Debug-iphoneos/TranslateHelper.app/__preview.dylib: replacing existing signature

CodeSign /Users/jeffrey/Library/Developer/Xcode/DerivedData/TranslateHelper-foexynibdglzahdojodgkhgvczhy/Build/Products/Debug-iphoneos/TranslateHelper.app (in target 'TranslateHelper' from project 'TranslateHelper')
    cd /Users/jeffrey/Desktop/TranslateHelper
    
    Signing Identity:     "Apple Development: whereisjeffrey@gmail.com (GQGP443NDT)"
    Provisioning Profile: "iOS Team Provisioning Profile: com.jeffrey.TranslateHelper"
                          (f710cdd4-6329-42a2-a58c-158ae41fa644)
    
    /usr/bin/codesign --force --sign 9277249215AA67404F1808E8A52A9AE93BF40654 --entitlements /Users/jeffrey/Library/Developer/Xcode/DerivedData/TranslateHelper-foexynibdglzahdojodgkhgvczhy/Build/Intermediates.noindex/TranslateHelper.build/Debug-iphoneos/TranslateHelper.build/TranslateHelper.app.xcent --timestamp\=none --generate-entitlement-der /Users/jeffrey/Library/Developer/Xcode/DerivedData/TranslateHelper-foexynibdglzahdojodgkhgvczhy/Build/Products/Debug-iphoneos/TranslateHelper.app
/Users/jeffrey/Library/Developer/Xcode/DerivedData/TranslateHelper-foexynibdglzahdojodgkhgvczhy/Build/Products/Debug-iphoneos/TranslateHelper.app: replacing existing signature

Validate /Users/jeffrey/Library/Developer/Xcode/DerivedData/TranslateHelper-foexynibdglzahdojodgkhgvczhy/Build/Products/Debug-iphoneos/TranslateHelper.app (in target 'TranslateHelper' from project 'TranslateHelper')
    cd /Users/jeffrey/Desktop/TranslateHelper
    builtin-validationUtility /Users/jeffrey/Library/Developer/Xcode/DerivedData/TranslateHelper-foexynibdglzahdojodgkhgvczhy/Build/Products/Debug-iphoneos/TranslateHelper.app -shallow-bundle -infoplist-subpath Info.plist

ValidateEmbeddedBinary /Users/jeffrey/Library/Developer/Xcode/DerivedData/TranslateHelper-foexynibdglzahdojodgkhgvczhy/Build/Products/Debug-iphoneos/TranslateHelper.app/PlugIns/TranslateHelperKeyboard.appex (in target 'TranslateHelper' from project 'TranslateHelper')
    cd /Users/jeffrey/Desktop/TranslateHelper
    /Applications/Xcode.app/Contents/Developer/usr/bin/embeddedBinaryValidationUtility /Users/jeffrey/Library/Developer/Xcode/DerivedData/TranslateHelper-foexynibdglzahdojodgkhgvczhy/Build/Products/Debug-iphoneos/TranslateHelper.app/PlugIns/TranslateHelperKeyboard.appex -signing-cert 9277249215AA67404F1808E8A52A9AE93BF40654 -info-plist-path /Users/jeffrey/Library/Developer/Xcode/DerivedData/TranslateHelper-foexynibdglzahdojodgkhgvczhy/Build/Products/Debug-iphoneos/TranslateHelper.app/Info.plist

** BUILD SUCCEEDED **

